"","addr","text"
"4650","4650","Ä$"
"4655","4655"," P"
"4659","4659","P  "
"4663","4663","  ğ"
"4714","4714","ğ @@!!àà!00""<U+0080><U+0080>""ĞĞ""  #pp#ÀÀ#$``$°°$"
"4716","4716",""
"4778","4778","%PP%  %ğğ%@@&&àà&00'<U+0080><U+0080>'ĞĞ'  (pp(ÀÀ(	)`	`)°	°)"
"4780","4780","
"
"4842","4842","*P
P* 
 *ğ
ğ*@@++àà+00,<U+0080><U+0080>,ĞĞ,  -pp-ÀÀ-.``.°°."
"4844","4844",""
"4906","4906","/PP/  /ğğ/@@00àà0001<U+0080><U+0080>1ĞĞ1  2pp2ÀÀ23``3°°3"
"4908","4908",""
"4970","4970","4PP4  4ğğ4@@55àà5006<U+0080><U+0080>6ĞĞ6  7pp7ÀÀ78``8°°8"
"4972","4972",""
"5034","5034","9PP9  9ğğ9@@::àà:00;<U+0080><U+0080>;ĞĞ;  <pp<ÀÀ<=``=°°="
"5036","5036",""
"5050","5050",">PP>  >ğğ>"
"5083","5083","              ÿ"
"5147","5147","              ÿ"
"5211","5211","              ÿ"
"5275","5275","              ÿ"
"5330","5330",""
"5341","5341","PARTY.ULT"
"5353","5353","DUNGEON.DAT"
"5365","5365","SOSARIA.ULT"
"5378","5378","AMBROSIA.ULT"
"5390","5390","BRITISH.ULT"
"5401","5401","EXODUS.ULT"
"5409","5409","LCB.ULT"
"5418","5418","MOON.ULT"
"5426","5426","YEW.ULT"
"5439","5439","MONTOR_E.ULT"
"5452","5452","MONTOR_W.ULT"
"5461","5461","GREY.ULT"
"5470","5470","DAWN.ULT"
"5480","5480","DEVIL.ULT"
"5489","5489","FAWN.ULT"
"5499","5499","DEATH.ULT"
"5505","5505","M.ULT"
"5514","5514","FIRE.ULT"
"5523","5523","TIME.ULT"
"5529","5529","P.ULT"
"5542","5542","PERINIAN.ULT"
"5551","5551","MINE.ULT"
"5562","5562","DARDIN.ULT"
"5644","5644","""+3@MV_ir|<U+0082><U+008B><U+0094><U+009A>§°-
5.""1:/:,%5891""::,8	.Pass
"
"5650","5650","Board"
"5656","5656","X-it "
"5664","5664","Volume "
"5677","5677","Ztats for # "
"5684","5684","Enter "
"5714","5714","Hand Equipment!
From Player: "
"5720","5720","Look-"
"5740","5740","Who will
Transact? "
"5748","5748","Unlock-"
"5761","5761","Quit & Save
"
"5774","5774","Ready for # "
"5786","5786","Wear for # "
"5800","5800","Cast by whom-"
"5805","5805","Fire"
"5819","5819","Join gold to:"
"5827","5827","Descend"
"5833","5833","Klimb"
"5849","5849","Ignite a torch
"
"5875","5875","Negate Time!
Whose Powd? "
"5883","5883","Attack-"
"5906","5906","Modify order!
Player: "
"5932","5932","Get Chest!
Plr to search-"
"5957","5957","Peer at gem!
Whose gem? "
"5979","5979","Steal Chest!
Player? "
"5992","5992","Yell, whom? "
"6022","6022","Other command!
Whose action? "
"6027","6027","HA"
"6029","6029","P"
"6031","6031","M"
"6041","6041","K 9B0X-V/"
"6051","6051","Z,EL&M2"
"6237","6237","/K%H#TUIQRWC.F!J$D N1G""PSYOMôT[a!.SüÄ5YmÊu<U+0082><U+009B>©®¼Ú-F\i}<U+008B><U+0088><U+009E>¿àw5   h iz<U+009B> Ã\UÆÖÉ\%3~ä~NÏ[s\Ã\ø\ıSXtÕt9$:.:7"
"6239","6239","H"
"6241","6241","P"
"6243","6243","M"
"6264","6264","K`\dPhl4pX8<tx"
"6267","6267",""
"6273","6273","->"
"6287","6287","Mount Horse!
"
"6303","6303","Board Frigate!
"
"6315","6315","Whose key? "
"6322","6322","Craft
"
"6327","6327","On!
"
"6333","6333","Off!
"
"6343","6343","Dungeon!
"
"6351","6351","Towne!
"
"6360","6360","Castle!
"
"6369","6369","Player: "
"6381","6381","Exchanged!
"
"6395","6395","  To Player: "
"6404","6404","Direct? "
"6413","6413","Failed!
"
"6425","6425","Watch out!
"
"6443","6443","Only on surface!
"
"6543","6543","
A huge swirling
 --WhirlPool--
 engulfs you
 and your ship
 dragging both
     to a
 watery grave!"
"6605","6605","

 As the water
 enters  your
lungs you pass
into Darkness!

"
"6696","6696","
 You awaken on
 the shores of
 a forgotten
Land.  Your ship
 and crew lost
  to the sea!
"
"6717","6717","




 All is Dark!

"
"6732","6732"," You made it!
"
"6739","6739","North
"
"6746","6746","South
"
"6752","6752","East
"
"6758","6758","West
"
"6774","6774","Please wait...
"
"6839","6839","èSè¬P°èÚ3´,Í!<U+008A>Ş<U+0080>Ã<U+0080>û<r<U+0080>ë<è±Wè<U+009B>7u´,Í!:Şuğ¸ 9ëè<U+009C>7<ar<zw, ¹!"
"6906","6906","<U+008B>Ù><U+0087>ò¯téõa+ÙKÑã<U+008B>·É£Òÿ§<U+0080>>¼<U+0080>uép<U+0080>>¼ué¤g Áèb<U+0080>>¼r<U+0080>>Ì"
"6913","6913","t<U+0080>>Í"
"6974","6974","uèQHèÕS<U+008B>ÌèÎ<<U+0088>uè9?è<U+0093>ëè<U+008E><U+008B>Ìè¸<<U+0088>uè#?<0uè3èğ>u:ÆĞ"
"7208","7208","¶è5<U+008A>Úè5<U+008A>úûèı9uèvÆ=è×9èffë<uèË9Æ=èÅ9°÷èe:éõè/
éXÿè)
°è®Uu <U+009B>%èÇUuşÍ<U+0080>&Í?é:ÿé.aè
°èUu <U+009C>%è¦UuşÍ<U+0080>&Í?éÿéaèç	°èlUu <U+0099>%è<U+0085>UuşÌ<U+0080>&Ì?éøşéì`èÆ	°èKUu <U+009A>%èdUuşÌ<U+0080>&Ì?é×şéË`<U+0080>>º?u<U+008B>ÌèĞ<(t
<,t%è	é`<U+0080>>¼ÿuÆĞ"
"7230","7230","ëìÆÆº
6<U+0082>èo	ëÆ"
"7280","7280","Æº6è^	é<U+0087>şèX	è""Otè»NuÆà<U+0084><è @éoşé<U+0087>`è=	<U+0080>>¼"
"7306","7306","t<U+0080>>¼ÿu<U+008B>Ìè^<øuèŞEé¬"
"7316","7316","é,`¡Ìü¹"
"7358","7358","<U+008B>Ù>áò¯uì+ÙKÑã¡Ì£Â<U+0080>>%u6¾èñ²ÆÏ"
"7398","7398","ÇÌÆÌXë><U+0080>>%u6ÈèÏ²ÇÌ ÆÀ$"
"7427","7427","ë!<U+0080>>%u<U+009B>6Ğè²²ÇÌ >ÆÀ$"
"7432","7432","Ç d"
"7467","7467","6gè<U+0098>èi<U+0088>¼<U+008B>ó<U+008B><U+0094>»<U+0080>>¼tÿ6$"
"7487","7487","¹(èG7$é<U+009B>ı¹"
"7494","7494","	è67"
"7497","7497","¹"
"7620","7620","Şè(7é¿dèQèNt6îèE<U+008B>óèNt	<U+008B>û;÷tèà\é^ıé@_è,èj\t6è èS
ĞèĞèşÀèeMè\é:ıèèÕMtW<U+008A>ĞşÊ<U+008B>û6ÙèùèÃMtE<U+008A>ğşÎ<U+008B>ó<U+008B>Î6º<U+008A>Ú·"
"7639","7639","<U+008A>@
<U+008A>Ş<U+0086>@
<U+008A>Ú<U+0088>@
<U+008B>ñü¹@"
"7724","7724","<U+008A><U+0086>ªFâøè3èrN<U+0080>>¼tè¾èĞM6âè¯éØüè©èsMt<U+008A>G%,/r<U+0088>G%<U+0080>>¼tè<U+0084>ëèê	é³üé<U+0083>^è<U+0080>>¼"
"7824","7824","u¡Ì£Âè7<U+0085>6gèjè;éü6è]°ÿè<U+0088>7ëïèSèMtu<U+008B>ûè´Luq6üè@è~[tb<U+008B>Ë<U+008B>ßè<t5¶ÿèÏ1<U+0080>ât	6è!ëF<U+0080>¹ "
"7833","7833","<U+0080>?HuÆ<U+0087><U+0080>"
"7976","7976","ÀCâó6è°úè/7ë$<U+008B>Ùè.	<<U+0094>rÂ<äw¾ÊÊîî<U+008B>Ùè	<$u­Æ è	aéüé^èĞè[t1öÆÿu/èù<¸u(6 è¸<U+008B>óè<U+0080>Lt<U+008A>G&,/r<U+0088>G& %ĞàĞà<U+0088>è¾éÃûéÉ]é]è<U+008E><U+0080>6ÀVÿ6¸<U+0080>>ÀV"
"8067","8067","t6³èwé ûèq<U+0080>>º?t#<U+008B>Ìè<U+0099><w ºĞàĞà<U+0088>Æº?6¬èJésûéU]év]è>èLt
<U+008A>ğ<U+008B>û<U+0080>Æ0èGMéXûPSQR"
"8081","8081","¹(êè<U+009B>4è"
"8118","8118","ZY[XÃPSQRº¹Ôè4ZY[XÃ<U+009C>PSR<U+0080>>¼"
"8175","8175","uuÿ6$ş&yÆ&ş$<U+0080>&$ş'yÆ'ş%<U+0080>&%Z:6%tB<U+008A>Ú·"
"8197","8197","<U+008A><U+0087>U<U+008A><U+009F>M<U+008A>øèâÆ<U+008A>$·"
"8240","8240","<U+008A><U+0087>U<U+008A><U+009F>M<U+008A>øèÌÆ<U+0088><U+008A>Â""Æ<uÆeë	
ÖuÆeº"
"8347","8347","<U+0087>*°è"".°(è. $è2°)è.°(è. %èq2°)è.°èı-<U+0089>*Z[XÃ<U+009C>PSQRVÆºèWÆº6,è'°ôèR5<U+0080>>¼ÿtf<U+008B>Ì<U+0089>ÂèFÆ"
"8384","8384","¶7èª/<U+0080>ÂÆ <U+0088>!èÍşè6èïÿ6$"
"8448","8448","¹(öè®3$Æº?ÇÌ 6Æ¼ÿ6ÎèÂèãèfJ^ZY[XÃ6)è®èÈ"
"8477","8477","¹(êèn36>è<U+0096>¡Â£ÌÆ¼"
"8518","8518","ÆºèqşëÂ<U+009C>S<U+0080>¼<U+0080>u:<U+0084><U+0080>ë<U+0080>¼<U+0080>@s<U+0080>¼<U+0080>,r<"
"8553","8553","të<t<t<t< u°ÿè6]<U+0083>ûÿu[Ã°"
"8568","8568","ëù<U+0080>>º?t¡Ò¹"
"8606","8606",">]ò¯tÆÑÿöÑxöĞÿtşĞëè	è"
"8623","8623","è+éÕø<U+009C>PSQRV<U+0080>>¼"
"8637","8637","u¶<U+0087>è<U+0094>.Ğâs¹ "
"8639","8639","»"
"8645","8645","<U+0080>¿<U+0080>"
"8724","8724","t
Câö^ZY[XÃ¶èt.<U+008A>Âèo.""Ğ<U+008B>ó<U+008A>Ú<U+008A><U+0087>e<U+008A>§r<U+0088><U+0084><U+0080><U+0088>¤ ¶@èT.:Ìt+<U+008A>ÚèI.:Ít <U+008A>ú<U+0088><U+009C>À<U+0088>¼àÆ<U+0084>"
"8748","8748","ÀèÅ:<U+0084> u<U+008A><U+0084><U+0080><U+0088>ë£Æ<U+0084><U+0080>"
"8880","8880","ë<U+009C><U+009C>PSQR¶ÿè.Ğârbèû?»*>Í¼à<U+0080>ÿsO*Ì<U+009C>À<U+0080>ûsBèm°ûèt3<U+008B>Ó´õ<U+0080>şw/Ñ<U+0080>úw(<U+008B>ÚèÓ2<t<#t<$tÆ=è¦2<U+0088>úuè-_ëşÌuÊZY[XÃU<U+008B>ì<U+009C>PSQRV¾"
"8885","8885","<U+0080>¼<U+0080>"
"8890","8890","uéê"
"8895","8895","<U+0080>>¼"
"8917","8917","uèv?;ÌuZf<U+008B>Şé×d<U+008A><U+0084>"
"8926","8926","$À±Òè<"
"9139","9139","t×<t	<tÙèO?ë7¶ÿèX-ĞâsÁèQ-<U+008A>Âè2<U+008A>Ì<U+008A><U+0094>ÀÑ<U+0080>â?t¬<U+008B>Úè:-<U+008A>Âèû1<U+008B>Ó<U+008A>ì<U+008A>´àõ<U+0080>æ?t<U+0093><U+008B>Úèµèûı<ÿt8<U+008A><U+0094>À<U+008B>Úè¥èëı<ÿt(Ñ<U+0080>â?<U+008A>´à<U+008B>ÚèèÖı<ÿt<U+0080>¼<U+0080>tt<U+0080>¼<U+0080><uèÈşë<;Ìt6<U+008A>¼à<U+008A><U+009C>Àèe<U+008A><U+0084> <U+0088><U+0088>´à<U+0088><U+0094>À<U+008B>ÚèR<U+0088><U+0084> <U+008A><U+0084><U+0080><U+0088><U+0080>¼<U+0080>ttÆ<U+0080>¼<U+0080><t¿Nxéÿ^ZY[X]Ã"
"9162","9162","ÿ°Ï&)Ä"
"9165","9165","¸"
"9176","9176","<U+008E>À<U+008C>È&Ç<U+008C>"
"9182","9182","Ã$&£<U+008E>"
"9187","9187","&Ç"
"9193","9193","Á$&£<U+0092>"
"9203","9203","è(9?¹"
"9237","9237","<U+0082>%è~0èYHèr1º¹Ôèj0è°G"
"9257","9257","¹(êèY0è<U+008A>û9+¹"
"9291","9291","<U+008E>%èH0¡Â£ÌÆÀ$ÿÆÀVÿÆ¤dÆĞ"
"9296","9296","ÆÎ"
"9357","9357","èÿF´,Í!<U+0089>¡*<U+0089><U+0099>*<U+0089><U+009F>*<U+0089><U+0097>*´*Í!<U+0089>*<U+0089><U+0095>*<U+0089><U+009B>*<U+0089><U+0093>*èuéõõCHARSET.ULT"
"9368","9368","SHAPES.ULT"
"9388","9388","<U+009C>PSQR<U+008E>9Oè¹"
"9396","9396","<U+008B>Ùè,<"
"9439","9439","tc´@<t<t!<t%´À<t5< t#<<U+008C>t-ë9<U+008A>ñ<U+0080>æ²è<U+0095>"
"9447","9447","ë8ºè"
"9452","9452","ë0º"
"9455","9455","è<U+0085>"
"9459","9459","ëğº"
"9463","9463","è}"
"9465","9465","º"
"9469","9469","èw"
"9473","9473","ëº"
"9477","9477","èo"
"9479","9479","º"
"9483","9483","èi"
"9487","9487","ëÜº"
"9491","9491","èa"
"9494","9494","º"
"9497","9497","è["
"9532","9532","şÁ<U+0080>á?të<U+008B>şÅ<U+0080>ı@së<U+0082><U+008B>Ì<U+008A>¼Æ¼´Àº"
"9536","9536","è4"
"9547","9547","èğ,u!ºè)"
"9555","9555","èå,uº"
"9558","9558","è"
"9565","9565","èÚ,uº"
"9569","9569","è"
"9622","9622","èÏ,tÔèİ,<U+0088>¼ZY[XÃPSQĞáĞåÊî<U+0080>Å <U+0080>Á <U+008A>ÁĞèĞè<U+0080>áĞáÒì<U+008A>İ·"
"9633","9633","Ñã<U+008B><U+009F>*Ø<U+0080>×"
"9662","9662","&0'Y[XÃ<U+009C>PRVü<U+008B>*<U+0080>şr<U+0080>úr¬<"
"9685","9685","t<
t<U+0080>ú'tw!è(şÂëéè"
"9711","9711","²ëâ^ZXÃ¶²èq(ëÔè¥(ëâè"
"9724","9724","²ëØPSQRU°·"
"9755","9755","µ±¶²'´Í¶²èG(]ZY[XÃ<U+009C>PSQ¸"
"9764","9764","è³)¸""""»"
"9768","9768","¹"
"9780","9780","è!)Ã@â÷»."
"9783","9783","¹"
"9794","9794","è)Ã@â÷»"
"9798","9798","¹"
"9812","9812","è)<U+0083>Ãâø»À¹"
"9823","9823","èõ(<U+0083>Ãâø»0"
"9826","9826","¹"
"9840","9840","èç(<U+0083>Ãâø»0¹"
"9854","9854","èÙ(<U+0083>Ãâø»0
¹"
"9868","9868","èË(<U+0083>Ãâø»0¹"
"9882","9882","è½(<U+0083>Ãâø»0¹"
"9893","9893","è¯(<U+0083>Ãâø»N"
"9896","9896","¹"
"9916","9916","è¡(Ã@â÷Y[XÃ"
"9927","9927","ÿÿÿÿÿ"
"9956","9956","õõõõõ<U+009C>PSQRWUü<U+008B>Ì<U+0080>î<U+0080>ê>Ä$¹"
"10002","10002","<U+0080>>À$ÿt<U+008A>åâ<U+0080>ü@s<U+008A>ÁÆ<@r°ë<U+008A>âå<U+0080>ä?<U+008A>ÆÁ$?<U+008A>ø³"
"10011","10011","ÑëÑë
Ü<U+008A><U+0087>"
"10026","10026","ĞèĞèªşÅ<U+0080>ıu½µ"
"10059","10059","şÁ<U+0080>ùu´ õ$¢<U+009B>% %¢<U+009C>% %¢<U+0099>% ÿ$¢<U+009A>% "
"10068","10068","%¢% º¢"
"10080","10080","%¶
²
R<U+008B>ì¶x·"
"10083","10083","<U+008A>N"
"10156","10156","<U+008A>n<U+008A>Ö<U+008A>Â<U+008A>Ù<U+0087>·'<U+008A>İ<U+0087>Â'<<t-<U+008A>Ğ<U+008A>Ø<U+008A><U+0087>Ä$<t<t<#t<$t<U+008A>Ù·'<U+008A>İ¯·'ëÈ<U+008A>ŞÆ<U+0087>Ä$$şÎşN"
"10161","10161","y²ÆF"
"10188","10188","
şNy©<U+0083>Äèv-]_ZY[XÃPSQRU»"
"10197","10197","¹º¸"
"10211","10211","Í]ZY[XÃ<U+009C><U+008A>Ã³"
"10220","10220","ÑëÑëØ<U+009F>"
"10243","10243","<U+008A>Ã<U+009C>ĞçĞçĞçĞçß<U+008A>>Ï<U+009F>"
"10261","10261","	<U+008A>Ã<U+009C>PSQè¶ÿÿ6*¹"
"10311","10311","Ç*<U+008B>ÙèĞÿ<À´t&< ´t <<U+0080>´t<0´t< ´t<´t<"
"10382","10382","<U+008A>àt´?<U+008A>Äè	&şÁ<U+0080>áuÃşÅş<U+0091>*Æ*<U+0080>ır³¡Ì£*°*è&° è&è´)tñèÂ)*Y[XÃ"
"10681","10681","

Calm  Wind"
"10694","10694","North Wind"
"10707","10707","South Wind"
"10720","10720","East  Wind"
"10733","10733","West  Wind"
"10754","10754","Unable to read file "
"10776","10776","Unable to write file "
"10792","10792","Wrong Diskette!"
"10808","10808","               "
"20032","20032","¸<U+009C>PVü¹"
"20036","20036","¬<"
"20042","20042","tAè"
"20067","20067","ëõ^XÃQèæÿYÃ<U+0087>*ÃP<tè,"
"20087","20087","ş*<U+0080>>*(u	ş<U+0091>*Æ*"
"20123","20123","XÃş*<U+0080>>*ÿuóÆ*'ş<U+0091>*ëè<U+009C>PSVü<U+008E>9O´"
"20139","20139","ÑàÑàÑàÑà<U+008B>ğ´9?·"
"20165","20165","<U+008A><U+0091>*ÑãÑãÑãÑãÑãÑã<U+008B>ÃÑãÑãØ´"
"20187","20187"," *ÑàØ­&<U+0089>­&<U+0089>GP­&<U+0089><U+0087> "
"20193","20193","­&<U+0089><U+0087>ğ"
"20198","20198","­&<U+0089><U+0087>"
"20243","20243"," ­&<U+0089><U+0087>P ­&<U+0089><U+0087>  ­&<U+0089><U+0087>ğ ^[XÃ°ÿÃPQRVWU´Í!<v°"
"20248","20248","<U+008A>Ğ¾"
"20255","20255","±¸¶"
"20259","20259","µ	»"
"20275","20275","À<U+008E>Ã3ÛÍr	şÉt¾"
"20288","20288","ëåNtëà³ë³"
"20315","20315","]_^ZYX<U+008A>Ã[6<U+008E>9O<U+0089><U+0089>GP<U+0089><U+0087> "
"20319","20319","<U+0089><U+0087>ğ"
"20322","20322","<U+0089><U+0087>"
"20365","20365"," <U+0089><U+0087>P <U+0089><U+0087>  <U+0089><U+0087>ğ Ã<U+009C>PSQRVWü<U+008E>9O<U+008A>ğĞæĞæ<U+008A>Ğ<U+008B>7Cæÿ"
"20382","20382","ÑæÑæÑæÑæÑæÑæõ¹"
"20396","20396","¥¥<U+0083>ÇLâùÇ<U+0080>¹"
"20419","20419","¥¥<U+0083>ÇLâùï|""şÊuËÇ<U+0080><U+008A>Îµ"
"20441","20441","+ùşÌu»_^ZY[XÃ<U+009C>PQW¸"
"20449","20449","ü<U+008E>9O¿"
"20457","20457","¹ ó«¿"
"20468","20468"," ¹ ó«Ç*"
"20498","20498","_YXÃÃ<U+009C>PQWü<U+008B>Ùè@=t'=t""="
"20563","20563","Kt=t< r%<<U+0080>s!ãªè3şIëØ+Ù_YXÃ;Ùt°è şAO&Æ ëÀ°şèë¹<U+009C>PQVWı¹"
"20582","20582","6<U+0093>*ñ<U+008B>şOø¬ªâú¹"
"20627","20627","><U+0093>*ùOşáû<U+008A><U+0093>*:Ör*Öëø_^YXÃ<U+009C>PSQRÚ<U+008B>G<<U+008B>W>¹"
"20664","20664","<U+0087><U+0087>G <U+0087>W<U+0087>W""<U+0083>ÃâğZY[XÃ<U+009C>SR9+ş£*u»"
"20698","20698","èÇÿÆ£*ş¤*u»@è¶ÿÆ¤*ş¥*u»"
"20897","20897","è¥ÿÆ¥*ş¦*u»<U+0080>è<U+0094>ÿÆ¦*Z[Ã<U+009C>PSWş§*u9+ÃÀ<U+008B>G <U+008B>""<U+0087>G<U+0087><U+0089>G <U+0089>""Æ§*ş¨*u9+Ã<U+0080><U+008B>G$<U+008B>&<U+0087>G<U+0087>
<U+0089>G$<U+0089>&Æ¨*ş©*u9+ÃÀ<U+008B>G<U+008B><U+0087>G$<U+0087>&<U+0089>G<U+0089>Æ©*_[XÃPQVWş¬*u0Æ¬*
ü<U+008C>Ø<U+008E>À69;>9/¹à<U+008B><U+0087><U+0083>Æ«âö>9.¹ "
"20932","20932","<U+008B><U+0087><U+0083>Æ«âö_^YXÃ<U+009C>PS<U+0080>>¼<U+0080>uQ «*èOöÜ"
"20953","20953","&«*uCöÄÿy Æ«*ı<U+008A>á<U+0084>·"
"20985","20985","<U+008A>§l%<U+008A><U+0087>h%<U+008A><U+009F>d%<U+008A>øèd<U+0088>'ëÆ«*
<U+008A>á<U+0084>·"
"21079","21079","<U+008A>§p%<U+008A><U+0087>h%<U+008A><U+009F>d%<U+008A>øèD<U+0088>'[XÃ<U+009C><U+0080>>¼<U+0080>t
<U+0080>>¼tèQè<U+0084>şèĞşè<U+0086>ÿèBÿèÃP´Í<U+009C><U+0080>>¼tèÍÿXÃ<U+009C>QSPèæÿu°è;ü¹P"
"21109","21109","èÙÿáûuè<U+009A>ıëì° è'ü<U+0080>>¼<U+0080>u%<U+008A>á<U+0084>·"
"21117","21117","<U+009F>Ä$<U+008A>§¬"
"21121","21121","<U+008A><U+0087>¤"
"21125","21125","<U+008A><U+009F> "
"21142","21142","<U+008A>øèÄ<U+0088>'è¤Æ«*´"
"21158","21158","Í<U+008B>ÈX<U+008B>Á[YÃ<U+0086>Äè"
"21163","21163","<U+0086>Äè"
"21176","21176","Ã<U+009C>ĞÀĞÀĞÀĞÀè"
"21187","21187","ĞÀĞÀĞÀĞÀè"
"21257","21257","Ã<U+009C>P$0<:rè<U+0087>ûXÃ<U+009C>PQUVüºşÿãy<U+0080>< uFIuõën<U+008A><0rh<9v<Ar`<Fv<arX<fwT»"
"21260","21260","º"
"21330","21330","ãLI¬<0rF<9v<Ar><Fv
, <Ar4<Fw0ÑãÑãÑãÑã,0<	v,
Ø<U+0083>úÿtË<	w<U+008B>êÑâÑâÕÑâ´"
"21368","21368","Ğë·ºÿÿë²^]YXÃ<U+009C>SQRUVW<U+008B>ìü<U+008B>Ş<U+008B>*ãIèĞş<"
"21388","21388","t<ar<zw, <U+008B>N<U+008B>ñ<U+008B>~"
"21415","21415","ò®t°şèCëÜ+ñNÑæ<U+008B>0è<U+0099>úPè¡ş="
"21498","21498","Kt=t=t°şèëçX_^]ZY[ÃX<U+0089>*ã° è<U+008B>úâû<U+0089>*ë<U+009B><U+009C>SQRUVW<U+0083>ì<U+008B>ì<U+008B>*èkú° èkúèhú<U+0089>*¹"
"21501","21501","~"
"21562","21562","èüû<U+008B>Â<U+008B>Ë<U+008B>÷èÎş<U+0083>úşu£*<U+008B>Ğ°şèÀëÎ<U+008A>Ã<U+008A>â<U+0083>Ä_^]ZY[Ã<U+009C>PRVW<U+008B>ò<U+008B>Ó´Í!>\"
"21564","21564","°"
"21573","21573","´)VÍ!^è<U+0087>"
"21577","21577","Çh"
"21583","21583","Æ|"
"21588","21588","<U+0089>j"
"21615","21615","<U+008B>×´Í!
Àu
´Í!_^ZXÃV6+º"
"21619","21619","è<U+0094>"
"21642","21642","^èÙùëş<U+009C>PRVW<U+008B>ò<U+008B>Ó´Í!>\"
"21644","21644","°"
"21653","21653","´)VÍ!^è7"
"21657","21657","<U+0083>>l"
"21664","21664","tÇh"
"21670","21670","Æ|"
"21675","21675","<U+0089>j"
"21698","21698","<U+008B>×´Í!´Í!_^ZXÃV6î*º"
"21702","21702","èA"
"21729","21729","^è<U+0086>ùëşRÿ6*<U+008B>×´Í!<ÿt6)+º"
"21733","21733","è"""
"21748","21748","*ZÃ6+Ç*"
"21757","21757","èXù°şèÛ"
"21782","21782","è3ıtûèAıëÊRèKùèBùZÃ<U+009C><U+0080>>¼"
"21803","21803","uĞàĞà<U+0098>©ÿÿxtşÄ<U+0080>>¼"
"21857","21857","uĞèĞèÃPSUW°´Ä$.9+¿Bè(ú_][XÃ<U+009C><U+008A>ÇĞçĞçĞçøĞàøß·"
"21928","21928","<U+009F>Ä$<U+008A>Ã­*º*Ô*Ç*á*<U+009C>PRVşª*uÆª*¶	èÃú<U+0080>úr	<U+0080>ê:<U+0092>*tí<U+0088><U+0092>*º<U+0087>*<U+008B>6<U+0092>*æÿ"
"21947","21947","Ñæ<U+008B>´jVè<U+009F>ø<U+0089>*^ZXÃ"
"21982","21982","ÿùVW=W<U+0096>W¿WÚWøWX(X2X^X<U+008E>X<U+009C><U+0080>>ÀV"
"22000","22000","t<ôrPWöĞĞà<U+008B>øçÿ"
"22018","22018","ÿ<U+0095>ÁV_XÃSQäaP$ü¹"
"22025","22025","æa4¿"
"22052","22052","»èKuıOu÷âîXæaY[ÃSQäaP$ü¹0"
"22059","22059","æa4¿"
"22156","22156","»cKuıOu÷âîXæaY[ÃSQRäaP$ü<U+008A>ë±<U+008A>×<U+008A>õşÎuüæa4<U+008A>ñşÎuüæa4şÊuèşÍşÁ<U+0080>ùuİ<U+008A>×<U+008A>õşÎuüæa4<U+008A>ñşÎuüæa4şÊuèşÉşÅ<U+0080>ù"
"22185","22185","uİXæaZY[ÃSQRäaP$ü·<U+0080>¶è¦ùÓ¹"
"22244","22244","âşşÊu÷æa4şÏuèXæaZY[ÃSäaP$ü³ûæa4<U+008A>ûşÇuüşËuòXæa[ÃSQäaP$ü· µ"
"22314","22314","<U+008A>ÏIuıæa4şÏuóXæaY[ÃS³à·è=ÿ[ÃSRäaP$ü¶ÿ³à·@è9ù
ÓşÊuüæa4şË:ßuíXæaZ[ÃS·"
"22319","22319","³ÿè"
"22324","22324","[ÃS·"
"22329","22329","³è"
"22452","22452","[Ã<U+008B>ûRäaP$ü¶ÿèù
×şÊuüæa4şËuïXæaZ<U+008B>ßÃQRäaP$ü<U+0080>âĞâ<U+0080>Â<U+008A>Ê¶ÿè×øµ(<U+008A>òşÎuüæa4şÍuòşÉuçXæaZYÃSQäaP$ü³@·<U+008A>ËşÉuüæa4şÏuòşÃ<U+0080>ûÀréXæaY[Ã"
"22474","22474","SHRINE.IMG"
"22510","22510","HEDBFuuuuu<U+0099>uP<U+0099>uPuuPu<U+0099>%<U+0099><U+0099>u
Direct-"
"22524","22524","s
Destroyed!
"
"22538","22538","Whose torch: "
"22695","22695","ShZhahghqh{h<U+0082>h<U+008C>h<U+0093>hh¦h¬h³hºhÅhÌhÍhÕhàhçhïhöhıhiiii(i.i5i?iGi<U+009F>_Ô_ã_î_`/`4`j`<U+008A>`<U+0095>`¥`º`¿`Ê`ú`>aSa<U+0088>aÜaã_`î_öa	b<b<U+008A>`Obibº`<U+0088>b>aÄbXZfZ_ZmZ¡Z°Z¿Z<U+0093>ZNot a mage!
"
"22711","22711","Spell type W/C-"
"22725","22725","Cleric spell-"
"22739","22739","Wizard spell-"
"22754","22754","M.P. too low!
"
"22763","22763","Failed!
"
"22775","22775","Heal whom? "
"22787","22787","Cure whom? "
"22803","22803","Resurect whom? "
"22817","22817","Recall whom? "
"22850","22850","Exit to Sosaria!
Please wait...
"
"22859","22859","Direct? "
"22865","22865","LVL:0"
"22871","22871","Head-"
"22878","22878","North"
"22885","22885","South"
"22892","22892","-East"
"22899","22899","-West"
"22930","22930","
 Welcome to the
   Shrine of
"
"22944","22944","     Wisdom

"
"22959","22959","    Strength

"
"22974","22974","   Dexterity

"
"22991","22991","  Intelligence

"
"23005","23005","Offering*100-"
"23020","23020","
Then be off!
"
"23048","23048","
You can't cheat
the Gods!
"
"23058","23058","
Shazam!
"
"23079","23079","shrine!
Who enters? "
"23118","23118","<U+009C><U+0080>>¼<U+0080>t<U+0080>>¼u Â:ãu°ÿ<ÿÃ<U+0080>>ËXtê°"
"23134","23134","ëñPSèwÌèh<U+008A>%·"
"23181","23181","<U+008A><U+0087>M<U+008A>§U£Ì³À· °ıèfûèKèTÌèEèZûè?[XÃ<U+009C>R<U+008A>ô<U+008A>G´"
"23241","23241","ÑàÑàÑàÑà<U+008A>G$Õ
<U+008A>æ@<U+0080>Bt<U+0080>It<U+0080>Rt
@<U+0080>Tt,<U+0080>¶ÿè<U+0089>õ:Ğ°ÿs°"
"23245","23245","Z<"
"23285","23285","Ãè×Ê<U+0080>>ºtéŞ!6æXèÆÊèt5°ûèìú<U+008B>Ì<U+008B>Â¾"
"23404","23404","ìÈá??<U+008B>Ñè<U+0093>#<U+0083>ûÿuP<U+008B>ÚèÑÌÆôè¹Ë<U+0088>XNuÜè°Ëéµ¿<U+008B>û<U+008B>Úè¸ÌÆôè Ë<U+008A>à°÷è¥ú¶ÿ<U+008A><U+0085><U+0080><<uè
õĞâs*èõĞâs#<U+008A><U+0085><U+0080>ĞèĞèè¡6ïXèIÊ<U+008A>Ä<U+008A> <U+0088>Æ<U+0085><U+0080>"
"23432","23432","ë®<U+0088>'ë§è3Êèıt7<U+008B>ûÌ<U+008B>ó<U+008A>Áµ"
"23434","23434","¸"
"23458","23458","<U+008B>W#Â'<U+0086>ÄÆ'<U+0086>Är<U+0083>Ã@âì¹"
"23464","23464","<U+008B>ŞÇG#"
"23608","23608","<U+0083>Ã@âö<U+0089>E#é ¿6¨yèíÉ°ÿèúëïèãÉéñ èİÉ<U+0080>>¼u6ıXèÏÉè<U+0099>t<U+008A>G,/r<U+0088>GÆÎÿéã¾éé é° è®Éèxt<U+008A>G',/r<U+0088>G'ÆĞ
éÂ¾é<U+0092> <U+009C>è-ö<U+008A>à<U+0080>üar<U+0080>üzw<U+0080>ÄàÃ<U+009C>PG'<U+0088>G<U+008A>G"
"23640","23640","'<U+0088>G<U+008B>G;Gs<U+0089>GXÃ<U+009C>PG'<U+0088>G<U+008A>G"
"23668","23668","'<U+0088>GsÇG<U+0099><U+0099>XÃ<U+009C>PG#'<U+0088>G#<U+008A>G$"
"23725","23725","'<U+0088>G$sÇG#<U+0099><U+0099>XÃ<U+008A>G<Dt?<Rt;>kY6¸Y¶<Ctc<Pt_<It[>KY6ÆY¶"
"23752","23752","<WtM<LtI<AtE6<U+009B>YèèÈ°ÿèùé "
"23772","23772","6¨YèÙÈèCÿ>KY6ÆY¶"
"23884","23884","<U+0080>üWt>kY6¸Y¶<U+0080>üCt<tq°ÿèßøëÔè]ñè§Èèÿ<t]<U+0080>üAr<U+0080>üPwèFñèÛÈ<U+0080>ìAë°ÿè¶øëİ<U+008A>Ä<U+008A>Ğ´öäÔ
±Òä
Ä:Gw3<U+0086>G*G/<U+0088>Gè­È<U+008A>ÂÆ´"
"24002","24002","<U+008B>ğÑæ<U+008A>ÂĞàø<U+008B>´YèKÈè<U+0093>ÈèÈÿ%è<U+008B>ÈèWÃ6ÔYè5È°ÿè`øëî6ãYè'È°úèRøëà<U+009C>PS°õèHøè-°ı·0<U+008A>Ú<U+0080>ã<U+0080>Ë`è6øè[XÃ<U+009C>PSQRVW<U+008B>ğ á<U+0084>´@öä<U+008B>ø½Ì¹"
"24020","24020","Ä$¶ÿèò<U+0080>ât.<U+0080>¿<U+0098>"
"24027","24027","t'<U+008A>·<U+0088>"
"24031","24031","<U+008A><U+0097><U+0080>"
"24140","24140","<U+0087>Úèj÷Æ<èI÷°÷èé÷ â<U+0084><U+0088>è<÷<U+0087>Ú<U+008B>Æè[0CâÅ_^ZY[XÃ6ìYè<U+0098>ÇèbtşÈ<U+008A>È<U+008A>Æèş<U+008A>ÁèRèbÿèLé<ÿ<U+008B>ø<U+0080>>¼<U+0080>uB6CZèlÇèªt3èDÿ<U+008B>Ê<U+008A>á<U+0084>·"
"24185","24185","<U+008A>·h%<U+008A><U+0097>d%è""/<U+0083>ûÿt°÷èw÷ á<U+0084>´@öä<U+0097>½Ì<U+009F>Ä$èå/éñşé"
"24210","24210","ÿ<U+009C>PSQR¶èÆñ<U+008A>ÊèÁñ<U+008A>ê<U+008B>ÙèaÉ<"
"24241","24241","uí<U+0089>ÌZY[XÃ<U+0080>>¼<U+0080>u+<U+0080>>â<U+0084>u$<U+0080>>ã<U+0084>"
"24346","24346","uÆã<U+0084>ÿ<U+008A>Â¶ÿè<U+008B>ñĞâr<U+008A>ĞèÀş°ÿèÜşé<U+0098>şé§ş<U+008A>Â¶(èpñ<U+0080>Ê<U+0086>ÂéJÿÆÎ
è<U+009E>şé{ş<U+0080>>¼uè<U+0091>ş<U+0080>>Ïs
şÏèuÿé`şéoş<U+0080>>¼uèsş<U+0080>>Ï"
"24376","24376","tşÏèWÿéBşéQşè+ëõ°Kéùş<U+0080>>¼"
"24440","24440","u,èKş¶@èñ<U+008A>Úèñ<U+008A>ú<U+008B>ËèÈ<0të<<U+0080>tç<<U+0084>tãèöuŞ<U+0089>Ìéşéş á<U+0084>´@öä<U+008B>Ø<U+008A><U+0087>à´"
"24546","24546","±Óà<U+008A><U+0087>à$Õ
Ğàé£şÆÎúè÷ıéÔıèñı>kY6¸Y¶éZı<U+0080>>¼<U+0080>uèÚı°Kèöıé²ıéÁı°ÿénşÆĞ
èÂıé<U+009F>ı<U+0080>>¼<U+0080>u&èµı á<U+0084>´@öä<U+008B>Ø<U+008A><U+0087>à´"
"24582","24582","±Óà<U+008A><U+0087>à$Õ
Ğàè¶ıérıéı<U+0080>>¼<U+0080>u:è<U+0085>ı¹"
"24590","24590","6Ä$<U+0080>¼<U+0098>"
"24597","24597","t#Æ<U+0084><U+0098>"
"24602","24602","<U+008A>¼<U+0088>"
"24606","24606","<U+008A><U+009C><U+0080>"
"24677","24677","è-õÆ<èõ°÷è¬õ â<U+0084><U+0088>èÿôFâÓé.ıé=ı<U+0080>>¼<U+0080>uèAı°ÿè]ıéıé(ı<U+0080>>¼<U+0080>u+<U+0080>>â<U+0084>u$<U+0080>>ã<U+0084>"
"24772","24772","uÆã<U+0084>ÿ<U+008A>Â¶ÿè×ïĞâr<U+008A>Ğèı°ÿè(ıéäüéóü<U+008B>ûèüü¶ÿè¹ï<U+0080>ât4<U+008B>Ì<U+0080>>¼tè:Ç<$r%<'w!$ĞàĞàu° <U+0088>ë
è4Ç<@uÆ"
"25096","25096","èé<U+009E>üé­ü6yèÔÄ°ÿèÿôëï<U+008A>ê¶èhï<U+008A>Â
Ô
±Òä
Ä<U+008A>ğ<U+008A>Õéı<U+0080>>¼u	è<U+0089>üèxıécüérü6øYè<U+0099>Äèc
tşÈ<U+0080>PuèVèfüÆGGèLé<üéKü°5G'<U+0088>Gé-ü<U+0080>>¼u	èCüèéüé,ü<U+008A>ê¶Pèõî<U+008A>ÂÔ
±Òä
Ä<U+008A>ğ<U+008A>Õé¡ü<U+0080>>¼<U+0080>tèü<U+0080>>¼uè<U+008C>ÆëèÃéäûéóû<U+0080>>¼<U+0080>t26ZèÄèİ	t&şÈ<U+0080>DuèĞèàûèÊ¶ÿè<U+009A>î<U+0080>âtÆGGé¬ûÆGAé·û<U+008B>û<U+0080>>¼<U+0080>t-6ZèÕÃè<U+009F>	t!şÈ<U+0080>Auè<U+0092>è¢ûè<U+008C>ÆGG<U+008A>E,/<U+0088>Eéoûé~û<U+009C>PSRVÿ6*º	"
"25127","25127","6LZèøò Ï1èDìº6RZèæò<U+008A>ÌX·"
"25209","25209","Ñã<U+008B>·<U+008B>Yè ì*^Z[XÃ<U+009C>P Ì<U+008A><U+0094>À*ÂèÈò<U+008A>ÌÑ<U+0080>â? Í<U+008A>´à*Æèµò<U+008A>ìõ<U+0080>æ?XÃ<U+009C>PSQR6[è7Ãè	ué®"
"25221","25221","şÈ<U+008B>èè<U+0093>téÄ"
"25229","25229","SÄ$¹y"
"25261","25261","ÀXèåñè<U+009C>òÆ¼[6tZèÃ Ì$<U+008A>Ğ¶"
"25278","25278","<U+008B>òÑæ<U+008B>´<U+0093>YèğÂ<U+008A>G¹"
"25287","25287",">ÍXò®¿"
"25316","25316","+ùOÑçÑç<U+0087>Ú<U+008A><U+0089>ÒX<U+0087>Ú<U+008B>ú6ĞZèÉÂèöğ<"
"25459","25459","tZ:G$wG<U+008A>g$<U+0086>Ä*Ä/<U+0088>G$<U+008A>AÄ'r:Áv<U+008A>Á<U+0088>A6	[è<U+009A>Â<U+008B>Åèbèª°ı³Ø·0è¹òè<U+009E><U+008B>ÅèNÆ¼ÿZY[XÃ6íZèoÂ°ÿè<U+009A>òëç6ŞZèaÂëŞ6<U+0098>yèXÂ°ÿè<U+0083>òëĞPSQRV¡Â£ÌÆÀ$ÿ6""Zè:ÂÆ¼"
"25462","25462",""
"25481","25481","¹(êèøğè¼ÆÏ"
"25491","25491","èÆ^ZY[XÃ"
"25508","25508","	"
"25523","25523","
No one there!"
"25543","25543","

All Players Out!
"
"25571","25571"," A ship was
   Destroyed!
"
"25582","25582","Starving!
"
"25593","25593","Poisoned!
"
"25674","25674","EVOCARE   INSERT    DIG       SEARCH    BRIBE     PRAY      SCORE     eee""e,e"
"25963","25963","/v4uv©u<U+0080>ufflfrfxff<U+0089>f<U+0091>f<U+0097>f<U+009E>f¤fªf°f¸fÂfÊfÔfÛfäfëfñfşfggggg'g-g4g<gCgJgQg]gbglgqglgvgxgzg|g~g<U+0080>g<U+0082>g<U+0084>g<U+0086>g<U+0088>g<U+008A>g<U+008C>g<U+008E>gg<U+0092>g<U+0094>g<U+0096>g<U+0098>g<U+009A>g<U+009C>g<U+009E>g<U+009E>g¤gªg¯g¶g½gÂgÉgÎgÔgØgÜgâgêgñgøgÿghhhh""h'h-h5h;hAhJhhShZhahghqh{h<U+0082>h<U+008C>h<U+0093>hh¦h¬h³hºhÅhÌhÍhÕhàhçhïhöhıhiiii(i.i5i?iGiTi\ieilirixii<U+0085>i<U+008B>i<U+0094>i<U+0099>i i§i¯i¶i¼iWater"
"25969","25969","Grass"
"25975","25975","Brush"
"25982","25982","Forest"
"25992","25992","Mountains"
"26000","26000","Dungeon"
"26006","26006","Towne"
"26013","26013","Castle"
"26019","26019","Floor"
"26025","26025","Chest"
"26031","26031","Horse"
"26039","26039","Frigate"
"26049","26049","Whirlpool"
"26057","26057","Serpent"
"26067","26067","Man-O-War"
"26074","26074","Pirate"
"26083","26083","Merchant"
"26090","26090","Jester"
"26096","26096","Guard"
"26109","26109","Lord British"
"26117","26117","Fighter"
"26124","26124","Cleric"
"26131","26131","Wizard"
"26137","26137","Thief"
"26141","26141","Orc"
"26150","26150","Skeleton"
"26156","26156","Giant"
"26163","26163","Daemon"
"26171","26171","Pincher"
"26178","26178","Dragon"
"26185","26185","Balron"
"26192","26192","Exodus"
"26204","26204","Force Field"
"26209","26209","Lava"
"26219","26219","Moon Gate"
"26224","26224","Wall"
"26229","26229","Void"
"26231","26231","A"
"26233","26233","B"
"26235","26235","C"
"26237","26237","D"
"26239","26239","E"
"26241","26241","F"
"26243","26243","G"
"26245","26245","H"
"26247","26247","I"
"26249","26249","U"
"26251","26251","Y"
"26253","26253","L"
"26255","26255","M"
"26257","26257","N"
"26259","26259","O"
"26261","26261","P"
"26263","26263","W"
"26265","26265","R"
"26267","26267","S"
"26269","26269","T"
"26275","26275","Snake"
"26281","26281","Magic"
"26286","26286","Fire"
"26293","26293","Shrine"
"26300","26300","Ranger"
"26305","26305","Hand"
"26312","26312","Dagger"
"26317","26317","Mace"
"26323","26323","Sling"
"26327","26327","Axe"
"26331","26331","Bow"
"26337","26337","Sword"
"26345","26345","2-H-Swd"
"26352","26352","+2 Axe"
"26359","26359","+2 Bow"
"26366","26366","+2 Swd"
"26373","26373","Gloves"
"26380","26380","+4 Axe"
"26387","26387","+4 Bow"
"26394","26394","+4 Swd"
"26401","26401","Exotic"
"26406","26406","Skin"
"26412","26412","Cloth"
"26420","26420","Leather"
"26426","26426","Chain"
"26432","26432","Plate"
"26441","26441","+2 Chain"
"26450","26450","+2 Plate"
"26457","26457","Repond"
"26464","26464","Mittar"
"26470","26470","Lorum"
"26480","26480","Dor Acron"
"26490","26490","Sur Acron"
"26497","26497","Fulgar"
"26507","26507","Dag Acron"
"26514","26514","Mentar"
"26524","26524","Dag Lorum"
"26533","26533","Fal Divi"
"26539","26539","Noxum"
"26546","26546","Decorp"
"26553","26553","Altair"
"26564","26564","Dag Mentar"
"26571","26571","Necorp"
"26580","26580","Pontori"
"26591","26591","Appar Unem"
"26598","26598","Sanctu"
"26606","26606","Luminae"
"26613","26613","Rec Su"
"26620","26620","Rec Du"
"26628","26628","Lib Rec"
"26635","26635","Alcort"
"26643","26643","Sequitu"
"26651","26651","Sominae"
"26663","26663","Sanctu Mani"
"26669","26669","Vieda"
"26676","26676","Excuun"
"26686","26686","Surmandum"
"26694","26694","Zxkuqyb"
"26707","26707","Anju Sermani"
"26715","26715","Brigand"
"26724","26724","Cutpurse"
"26731","26731","Goblin"
"26737","26737","Troll"
"26743","26743","Ghoul"
"26750","26750","Zombie"
"26756","26756","Golem"
"26762","26762","Titan"
"26771","26771","Gargoyle"
"26776","26776","Mane"
"26783","26783","Snatch"
"26790","26790","Bradle"
"26798","26798","Griffon"
"26805","26805","Wyvern"
"26811","26811","Orcus"
"26817","26817","Devil"
"26825","26825","
Str..."
"26833","26833","
Dex..."
"26841","26841","
Int..."
"26849","26849","
Wis..."
"26857","26857","
H.P..."
"26865","26865","
H.M..."
"26873","26873","
Gold: "
"26881","26881","
Exp..."
"26889","26889","
Gems.."
"26897","26897","
Keys.."
"26905","26905","
Powd.."
"26913","26913","
Trch.."
"26928","26928","
Card of Death"
"26941","26941","
Card of Sol"
"26955","26955","
Card of Love"
"26970","26970","
Card of Moons"
"26985","26985","
Mark of Force"
"26999","26999","
Mark of Fire"
"27014","27014","
Mark of Snake"
"27029","27029","
Mark of Kings"
"27038","27038","
Weapon:"
"27047","27047","
Armour:"
"27062","27062","
***Weapons***"
"27087","27087","
02-Hands-(A)
**Armour**"
"27101","27101","
01-Skin-(A)
"
"27105","27105"," M:"
"27109","27109"," L:"
"27112","27112","H:"
"27116","27116"," F:"
"27122","27122","Moons"
"27128","27128","Death"
"27133","27133","Love"
"27137","27137","Sol"
"27165","27165","MDLSQíjójùjşj¯x¯xLSMDCmd: "
"27177","27177","No effect!
"
"27186","27186","Direct? "
"27199","27199","D, S, L, M:
"
"27228","27228","A card, with
strange marks!
"
"27238","27238","Exotics!
"
"27255","27255","Yell 'Evocare'

"
"27262","27262","Word: "
"27280","27280","Not enough gold!
"
"27287","27287","<U+009C>P<U+0080>>¼"
"27301","27301","t<U+0080>>¼<U+0080>u<U+0080>>ËX"
"27311","27311","t ¼Æ¼"
"27328","27328","èä´¢¼XÃ ¼Æ¼"
"27351","27351","è¹´¢¼ëí<U+009C>QP<U+008A>È<U+008B>G*Á/<U+0086>Ä"
"27359","27359","/<U+0086>Ä<U+0089>Gµ"
"27369","27369","sÆGDÇG"
"27378","27378","è£ÿµÿèĞ"
"27398","27398","X<U+008A>ÅYÃÃ<U+009C>SV<<U+0088>w<U+008A>ØşË·"
"27414","27414","Ñã<U+008B>·Veè<U+0099>º^[Ã<U+009C>°"
"27431","27431","<U+0080>Gt<U+0080>Pt°ÿ<"
"27443","27443","Ã<U+009C>PSQÌ¹"
"27456","27456","èİÿt<U+0083>Ã@âöè<U+0082>"
"27549","27549","6´dèaºèFÿéY[XÃ<U+009C>PS<U+008A>>¼Æ¼ûúèÍætèÛæëñ<U+0088>>¼[XÃQV<U+008A>ìèÊæ=t=,0<w0è;ç´@<U+008A>ÈşÈxöä<U+008B>Ø<U+009F>Ì<U+0080>?"
"27553","27553","u±"
"27559","27559","6¥dè"
"27572","27572","º°şè+ê<U+008B>ÁèAº<"
"27584","27584","^YÃ°şèêë»±"
"27598","27598","ëë<U+009C>PSQVÿ6*¹"
"27605","27605","Ì<U+0080>?"
"27614","27614","tq°*Áè¢"
"27740","27740","Æ*&<U+008A>GèrâÆ*ş<U+0091>*<U+008A>Gècâ<U+008A>Gè]â<U+008A>GèWâ6ŞjèEâ<U+008A>Gè<U+009B>æ6âjè8â<U+008A>G's°<U+0099>è<U+0087>æş<U+0091>*Æ*6æjèâ<U+008B>Gèfæ6éjèâ<U+008B>G!èYæ<U+0083>Ã@â<U+0085>*^Y[XÃ<U+009C>P¹"
"27790","27790","<U+008A>ÁşÈĞàĞà¢<U+0091>*Æ*°èêá<U+008A>ÁèOæ°èàáâßXÃ<U+009C>PQVWü<U+008A>à<U+008B>û<U+008B>÷°"
"27793","27793","¹"
"27926","27926","ò®<U+0080>Á!Ğé<U+0088>*ĞäĞä<U+0080>Ä<U+0088>&<U+0091>*è¦á_^YXÃ<U+0087>jxjjj[j""jLj1j>j<U+009C>PSV<U+008A>Æ,0è!5èØ¸6ÂièÑ¸<U+008A>EèÏå6ÊièÄ¸<U+008A>EèÂå6Òiè·¸<U+008A>Eèµå6Úièª¸<U+008A>Eè¨å6âiè¸<U+008B>Eèåè<U+009C><"
"27949","27949","té<U+0089>6êiè<U+0086>¸<U+008B>Eèyåè<U+0085><"
"27972","27972","tér6òièo¸<U+008B>E#èbåèn<"
"27995","27995","té[6úièX¸<U+008B>EèKåèW<"
"28018","28018","téD6jèA¸<U+008A>E%è?åè@<"
"28041","28041","té-6
jè*¸<U+008A>E&è(åè)<"
"28064","28064","té6jè¸<U+008A>E'èåè<"
"28069","28069","téÿ"
"28085","28085","6jèü·<U+008A>Eèúäèû"
"28087","28087","<"
"28092","28092","téè"
"28095","28095","¹"
"28100","28100","<U+008A>e»"
"28115","28115","ĞÔs<U+008B>·±mèØ·èİ"
"28117","28117","<"
"28122","28122","téÊ"
"28145","28145","<U+0083>Ãâæ6<U+0096>jèÂ·<U+008A>E0Aèıè¿"
"28147","28147","<"
"28152","28152","té¬"
"28170","28170","6<U+009F>jè©·<U+008A>E(Qèòüè¦"
"28172","28172","<"
"28177","28177","té<U+0093>"
"28187","28187","6¨jè·»"
"28191","28191","<U+0080>y0"
"28239","28239","t2èÏ·<U+008A>A0è<U+0082>ä°-è,à<U+008A>ÃAèÃü°-è à°(èà<U+008A>ÃAèà°)èàèa"
"28257","28257","<ÿtQşËuÄ6·jèJ·»"
"28261","28261","<U+0080>y("
"28309","28309","t2è<U+0089>·<U+008A>A(è<ä°-èæß<U+008A>ÃQè}ü°-èÚß°(èÕß<U+008A>ÃAèÎß°)èÉßè"
"28355","28355","<ÿtşËuÄ6Ğjè·<U+008A>Æ,0èA^[XÃ<U+009C>S<U+008A>üè|ãtûè<U+008A>ã=t="
"28377","28377","Pt= 9t=uäè ·°ÿë°"
"28392","28392","<U+008A>ç[Ã<U+009C>PSQV<U+0080>>¼"
"28403","28403","tş¢dtéê"
"28415","28415","Æ¢d<U+008C>¹"
"28434","28434","ş£dyÆ£d	èüté¾"
"28492","28492","<U+0080>Wu<U+008A>G:Gsè<U+0080>Cu<U+008A>G:Gsè<U+0080>Lt<U+0080>Dt<U+0080>Au<U+008A>Gèü"
"28500","28500",":Gvèá"
"28524","28524","<U+0080>Pt<U+0080>It<U+0080>Du<U+008A>GèÜ"
"28532","28532",":GvèÁ"
"28544","28544","<U+0080>Ru<U+008A>GèÈ"
"28555","28555",":Gv<U+008A>Gè½"
"28563","28563",":Gvè¢"
"28568","28568","°èK"
"28586","28586","<U+0080>Pu°è%û<U+008A>ÁşÈèË"
"28596","28596","6ïdè÷µèÁ"
"28601","28601","<U+0080>>£d"
"28618","28618","u<U+008B>G;Gs'<U+0086>à"
"28663","28663","'<U+0086>à<U+0089>G<U+0083>ë@şÉté0ÿèåû^Y[XÃ<U+009C>PQV<U+008A>à<U+008A>G *Ä/<U+0088>G <U+008B>G!"
"28668","28668","/<U+0086>Ä"
"28680","28680","/<U+0086>Ä<U+0089>G!s,ÇG!"
"28703","28703","6ädè<U+0098>µ6Ì<U+008B>Ã+Æ±@öñèV"
"28715","28715","<U+008A>à°÷è²å<U+008A>ÄèJ"
"28751","28751","°è<U+0098>ú^YXÃ<U+009C>PèÙúu	<U+008A>G'<U+0088>GXÃ<U+009C>SP<U+008A>ü´"
"28805","28805","<U+008A>ØÑàÑàÑàÑà<U+008A>Ã$Õ
ÑèÔ
ĞäĞäĞäĞä
Ä<U+008A>ØX<U+008A>Ã[Ã<U+009C>PSQR<U+008E>9O²<U+008A>Ø·"
"28836","28836","ÑãÑãCÑãÑãÑãÑã<U+008B>ÃÑãÑãØÑãÑã<U+0083>Ã0¹"
"28843","28843","7ÿÿ·"
"28879","28879"," ÿÿCCâò<U+0083>Ã2şÊuèZY[XÃ<U+009C>SQR<U+008E>9O»BºX"
"28882","28882","¹"
"28889","28889","7ÿÿ·"
"28942","28942"," ÿÿCCâò<U+0083>Ã$JuéZY[Ã<U+009C>S<U+008E>9O<U+008A>øşÏĞçĞçøşÏ³>7ÿÿwPÿÿ· "
"28948","28948","ÿÿ·ğ"
"28953","28953","ÿÿ·"
"28991","28991"," ÿÿ·P ÿÿ·  ÿÿ·ğ ÿÿ[Ã<U+009C><U+0080>>ºu<U+0080>><U+0092>*"
"29005","29005","t:<U+0092>*u°ÿë°"
"29008","29008","<"
"29024","29024","Ãëş<U+009C>SPQ<U+0080>>ºu
<"
"29054","29054","t><t:ë<< tG<!tA<""t<>t<s(<"
"29067","29067","t$<t °öèOä¹"
"29082","29082"," âşèGä<U+0080>>º
u¹"
"29090","29090"," âşè8ä°"
"29104","29104","ë°ÿY<U+008A>ØX<U+008A>Ã[<"
"29123","29123","ÃëEè
ÿ°ü³èä<U+008A>Áµ"
"29191","29191","ÌöGt
<U+0083>Ã@âõèëşë­°<U+0099>èìø Á*Áè<U+0091>ş<U+008A>à°÷èíã<U+008A>Äè<U+0085>şèÍşèÌùë¬°øèÛãÌ<U+008A>Áµ"
"29239","29239","è	ùuöG u°Pè±ø Á*ÁèVş<U+008A>à°÷è²ã<U+008A>ÄèJş<U+0083>Ã@â×èùéjÿ"
"29243","29243",""
"29249","29249","ÿÿÿ"
"29253","29253","ÿÿÿ"
"29265","29265","<U+009C>PQRVS<U+0080>>¼"
"29270","29270","té¬"
"29289","29289","ş¤du÷Æ¤d¶èäİ<U+0080>ú"
"29314","29314","tE<U+008B> .#""á??<U+008B>Ùè^µ<"
"29337","29337","tE<,u(Æ0<U+008B> <U+0089> èHµÆ"
"29369","29369",";ÌtGè*´°ôè1ã6Èdèú²ëR¶è<U+0095>İ<U+008A>Ú·"
"29402","29402","<U+008A><U+0087>7s¢""<U+008A><U+0087>?s¢#ëÆ0<U+008B> <U+0089> èµÆ"
"29522","29522","èï³¡ ;Ìuè~­°èmÛ[´,Í<U+008A>Ş<U+0080>Ã<U+0080>û<r<U+0080>ë<ë[^ZYXÃ<U+009C>QWã<U+0080>=ar<U+0080>=zw<U+0080>àGâğ_YÃ<U+009C>QVWã(<U+0080>= uGâøë<U+008A>:u<U+0080>| tFGâğë<U+0080>= uGâø°ÿë°"
"29554","29554","_^YÃèN²èøtfè±÷ud6xkè=²S<U+0083>ì	¹	"
"29594","29594","<U+008B>üè<U+0085>Ü<U+008B>Ëèw²è<U+008A>ÿ6údè<U+009C>ÿ<U+0083>Ä	[<ÿu=<U+008A>G$@t6<U+0080>>¼"
"29684","29684","u/<U+0080>>Ì
u(<U+0080>>Í8t<U+0080>>Í;u<U+0080>6Íè´°ı³À·@èâè³é§é$	6kèÖ±ëñèÑ±è<U+009B>÷tNşÈ<U+008B>è<U+008B>Óè.÷uá6kèº±<U+0083>ì
¹
"
"29699","29699","<U+008B>üèÜ<U+008B>Ëèõ±èÿ»"
"29752","29752","<U+008B>·@e÷Æÿÿtèÿ<ÿt<U+0083>Ãëê<U+0083>Ä
÷Æÿÿu
6kè~±é§¦<U+008B>úÿ§Le<U+0080>>¼"
"29760","29760","u¡Ì¾"
"29763","29763","»?"
"29771","29771","=!t¾"
"29774","29774","»/"
"29925","29925","=,t
6kèN±éw¦<U+008A>'<U+0088>sÆ<U+0099>Æ<U+0084>ºÿ<U+0083>ÆÆ<U+0084>ºÿ6]kè+±ëÛ<U+0080>>¼u<U+0080>>Â""u>Ì00u	6gkè±ë6kè±é,¦6*kèù°è7tA<U+008B>ÓèÜ	<U+0083>ûÿt0<U+0080>¿<U+0080>Hu)<U+008B>E#<U+0086>Ä,/<U+0086>Är'<U+0089>E#<U+008A>§ <U+008A>·à<U+008A><U+0097>ÀÆ<U+0087><U+0080>"
"30013","30013","<U+008B>Úèô²<U+0088>'ë6kè³°éÜ¥6kè©°°ÿèÔàëï<U+0080>>%>u<U+008A>Ì<U+0080>á°ÒàE6@kè<U+0086>°ë6kè}°é¦¥6*kès°è±ué<U+0088>"
"30042","30042","<U+008A>Ëè<U+009C>²<|tëvSQ63kèV°W6k¹"
"30048","30048",">kè"
"30102","30102","Ş_Y^è<U+008C>°<QtZ<tV<U+008B> d<U+008A>é´<U+008A>ËÒä<U+0084>et><U+008A>ã<U+0080>Ä:åu?:<U+0087>ku9ÿ d¹"
"30171","30171","Æğè0±°÷è7àÆ|è%±°÷è,àâèÆ è±<U+0083>> du
éú-6kèã¯é¥<U+008B>Åè¨ú°÷èà<U+008B>Åè<U+009E>úÇE"
"30182","30182","<U+008B>ß°ÿèåôëà"
"30194","30194",""
"30197","30197","ÿÿ"
"30199","30199",""
"30212","30212","<U+0094>W<U+0094><U+0095>)<U+0095>P<U+0095>³<U+0095>"
"30244","30244","<U+0096> 9C.G""H#IJ$M2N1ORV/WYZ,"
"30246","30246",""
"30270","30270","/B0AEF!L&QTUX-K%D "
"30272","30272","M"
"30276","30276","KS"
"30278","30278","H"
"30400","30400","PPwNUÉ\s\<U+009B>ø\Õt3~ ä~Xth   r<U+0084>r<U+0084>r<U+0084>r<U+0084>r<U+0084>r<U+0084>r<U+0084>r<U+0084>r<U+0084>÷<U+0083><U+0084>8<U+0084>U<U+0084>r<U+0084>}<U+0084>©<U+0084>ıêw<U+009B>5Ê®üÚi<U+0082>\!ğwğwğwğwğwğwğwğwğw	x"
"30441","30441","x""x.xğwxx-¬¥0¦<U+0092>¦¥¨%ª<U+0093>«ü¬p­It's dark!
"
"30447","30447","Pass
"
"30463","30463","Not a DNG cmd!
"
"30472","30472","Descend
"
"30479","30479","Klimb
"
"30488","30488","Advance
"
"30497","30497","Retreat
"
"30509","30509","Turn right
"
"30520","30520","Turn left
"
"30536","30536","F, G, E, W, A:
"
"30550","30550","
G, K, P, T:
"
"30562","30562","
How much? "
"30575","30575","
Not enough!"
"30582","30582","
Done!"
"30594","30594","
How many? "
"30603","30603","
In use!"
"30608","30608","Food"
"30613","30613","Gold"
"30623","30623","Equipment"
"30631","30631","Weapons"
"30638","30638","Armour"
"30643","30643","Quit"
"30669","30669","FGEWAQ<U+008C>x<U+0091>x<U+0096>x x¨x¯x¯xGems"
"30674","30674","Keys"
"30681","30681","Powder"
"30687","30687","Torch"
"30822","30822","GKPTQÉxÎxÓxÚx¯x¯xQABCDEFGHIJKLMNOP¯x¯x½gÂgÉgÎgÔgØgÜgâgêgñgøgÿghhhhQABCDEFGH¯x¯x""h'h-h5h;hAhJhhGFEWAQ¤{©{Ğ{a|<U+0085>|<U+0095>{<U+0095>{None Left!
"
"30831","30831","<-What?
"
"30845","30845","No One There
"
"30860","30860","Invalid Move!
"
"30871","30871","Not Here!
"
"30887","30887","Incapacitated!
"
"30902","30902","No more room!
"
"30914","30914","None owned
"
"30923","30923","Weapon:
"
"30938","30938","
Not allowed!
"
"30949","30949","
Readied!
"
"30958","30958","Armour:
"
"31000","31000","QDCHQQQDDCLIECDFDCDCCHFCWTPBLIDARDirect? "
"31013","31013","
Good day!

"
"31032","31032","
Welcome my child
"
"31042","31042","No more!
"
"31071","31071","Seek ye, the
Mark of Kings!
"
"31090","31090","Thou art greater

"
"31109","31109","Experience more!

"
"31128","31128","
Eat Death Scum!

"
"31134","31134","Gold+"
"31141","31141","and a "
"31146","31146","and "
"31160","31160","Trap evaded!
"
"31172","31172","Acid trap!
"
"31186","31186","Poison trap!
"
"31198","31198","Bomb trap!
"
"31209","31209","Gas trap!
"
"31217","31217","PV<U+008B>Ìº"
"31223","31223","èQØ="
"31228","31228","Ht="
"31233","31233","Pt!="
"31238","31238","Mt'="
"31336","31336","Kt-=t@°şèÅÛëİ6Mè<U+008C>«¶ÿë6Tè«¶ë6[èv«²ë	6aèk«²ÿÚşã??÷Âÿÿ^XÃè¢«ëì<U+009C>PSQRUVWü<U+008B>ì69xèC«¹"
"31354","31354",">´x6»xèîØ>Fy¹"
"31369","31369","<U+008B>Ùò®+ÙKÑã<U+008B>v<U+008B>~"
"31398","31398","ÿ§My6pxè«è\«è(ñ_^]ZYX[Ã»#"
"31403","31403","ë»!"
"31426","31426","6Wxèöªèd<U+008B>v<U+008B><U+008B>è´="
"31431","31431","t>="
"31449","31449","t?<U+0089><U+0089>ë¾6IxèÒª¹"
"31463","31463",">àx6æxè}Ø»%"
"31470","31470","<Gt:»&"
"31477","31477","<Kt3»'"
"31484","31484","<Pt,»"
"31542","31542","<Tt%ë<U+0092>6cxëèèª6¨yè<U+0096>ª°şèÁÚé}ÿè<U+008B>ª°şè¶Úéoÿ6Wxè|ªè©Ø<U+0080>üÿt$´"
"31548","31548","<U+008B>v<U+008B>~"
"31550","31550","µ"
"31554","31554","<U+008A>¶"
"31562","31562","<U+008A>è,="
"31567","31567","t¶<U+0080>ş"
"31587","31587","u·<U+0088><U+0088>é5ÿ°şè{Úé4ÿ»0"
"31590","31590","¹"
"31600","31600","<U+0080>>Èÿt¹"
"31610","31610","<U+0080>>Êÿt¹
"
"31623","31623",">òx6yë""»("
"31626","31626","¹
"
"31636","31636","<U+0080>>Éÿt¹	"
"31646","31646","<U+0080>>Ëÿt¹"
"31687","31687",">(y62yèJªèµ×<AtQ<QtJ<tF<U+008A>Ğ6wxèç©<U+008B>v<U+008B>~"
"31697","31697","èØ<U+0080>üÿt<U+0089><"
"31706","31706","t+<U+0080>êA<U+008A> ¶"
"31714","31714","Ú:ât*´"
"31718","31718","<U+008A>µ"
"31722","31722","<U+008A>¶"
"31725","31725","è<U+0086>"
"31728","31728","="
"31733","31733","t<U+0080>ş"
"31748","31748","u<U+0088><U+0088>éşé<U+0093>şéµ"
"31786","31786","éûşéşş°şèÉÙ6<U+0083>xè<U+0092>©é{ş<U+009C>SQRUVW<U+0083>ì<U+0083>ì<U+008B>ìº"
"31793","31793","è(Ò<U+0089>V"
"31813","31813","è""Ò° è""ÒèÒèÒèÒ<U+008B>V"
"31819","31819","èÒ¹"
"31844","31844","~è«Ó<U+008B>Ë<U+008B>÷èÖÒy
°şèwÙ<U+008B>V"
"31897","31897","ëË<U+008B>Ã<U+0083>Ä_^]ZY[Ã<U+009C>S<U+008B>Ø;Áw""Â'<U+0086>àÆ'r<U+0086>à<U+008B>Ğ<U+008B>Á*Ã/<U+0086>àÇ/<U+0086>à<U+008B>È¸"
"31904","31904","[Ã¸"
"31909","31909","ëø¸"
"32066","32066","ëó6[yèú¨°şè%Ùè<U+009C>îé<U+009E>6gyèè¨°şèÙè<U+008A>îé	<U+009E>6~yèÖ¨°ÿèÙèxîé÷6yèÄ¨°ÿèïØèfîéå6<U+0098>yè²¨°ÿèİØèTîéÓ<U+009C>P½'¢½s""°¾'¢¾s°¿'¢¿s
°À'¢ÀXÃès¨è=îtèÖíuè"
"32089","32089","éë¨<U+009C>PSQRVWü6ÃyèR¨¹"
"32110","32110","<U+008B>ñ>z<U+008A>Gò®+ñN<U+008A><U+0094>ïy¹"
"32120","32120","<U+0080>>Èÿt¹"
"32130","32130","<U+0080>>Êÿt¹
"
"32165","32165",">òx6yèÔÕ<Qt.<t*<Pt:Âs'<U+008B>û,At
´"
"32171","32171","Ø<U+0080>0"
"32243","32243","t%6Ûyèô§<U+0088>E0_^ZY[XÃè1¨ëó6Ìyèİ§°ÿèØëåè¨6·yèÌ§°ÿè÷×ëÔèÂ§è<U+008C>ítè%íuè"
"32267","32267","éŞ<U+009C>éöş<U+009C>PSQRVWü6æyè §¹"
"32288","32288","<U+008B>ñ>z<U+008A>Gò®+ñN<U+008A><U+0094>úy¹
"
"32298","32298","<U+0080>>Éÿt¹	"
"32308","32308","<U+0080>>Ëÿt¹"
"32343","32343",">(y62yè""Õ<Qt.<t*<Ht:Âs'<U+008B>û,At
´"
"32349","32349","Ø<U+0080>("
"32411","32411","t%6ÛyèB§<U+0088>E(_^ZY[XÃè§ëó6Ìyè+§°ÿèV×ëåèl§6·yè§°ÿèE×ëÔ<U+009C>QV¹ "
"32414","32414","¾"
"32421","32421","´<U+0080><U+0080><"
"32533","32533","t
:t`u:T@t
Nâî»ÿÿ^YÃ<U+0080><U+0087>Ş+Şëòèà¦èªìtc<U+008B>ø<U+008B>ëè?ìu`6zèË¦è	ûtN<U+008B>Ê<U+0087>Óè¬ÿ<U+0083>ûÿuK<U+008B>Úèë¨<<U+0094>r<<äw8Ñõ<U+008B>ÚèÚ¨<@u+<U+008B>÷<U+008B>Çèİñ<U+008B>ıùÿ"
"32547","32547","uèU-ë Í$´"
"32582","32582","Ñà<U+008B>Øÿ<U+0097>Îw<U+008B>Æè¼ñé¡<U+009B>é§ıé¶ı><U+0080><U+0080>9Lt8<U+008A><U+0080>"
"32590","32590","<Àt$?¹"
"32601","32601","ÒètşÈ<U+008A>Ø·"
"32606","32606","Ñã<U+008B>·"
"32610","32610","´"
"32679","32679","èB¦ëÈ6<U+0086>zè9¦ë¿6zè0¦ë¶6&zè'¦<U+008B>İ<U+008A>G:GwC<%s5<r<U+008A>g<U+0080>ä<U+0080>t'<U+0088>G6`zè"
"32769","32769","¦èñ°ı³<U+0080>·@è$Öè	ñévÿ6Czèç¥élÿ69zèİ¥ébÿ6szèÓ¥éXÿ<U+009C>PSQRV6<U+0099>zèÃ¥¶dè`Ğ<U+0080>Ê0<U+0080>údr<U+0080>êd<U+008A>ÂÔ
±Òä
Ä´"
"32831","32831","è¨Òèì¥<U+008B>ßèZÜ¶ÿè9Ğ<U+0080>ú@srè1ĞöÂÿx2<U+008A>Âè'Ğ""Ğ<U+0080>ât&6<U+009F>zèw¥<U+008A>ÂAèÁêè¸¥<U+008A>Ú·"
"32889","32889","<U+008A>A0'<U+0088>A0s>ÆA0<U+0099>ë8è÷ÏöÂÿx0<U+008A>ÂèíÏ""Ğ<U+0080>ât$6¦zè=¥<U+008A>ÂQè<U+0087>êè~¥<U+008A>Ú·"
"32976","32976","<U+008A>A('<U+0088>A(sÆA(<U+0099>^ZY[XÃè¥èàêtEşÈ<U+008B>è<U+008B>ûèsêu@<U+008B>Ì<U+0080>>¼tè.§<$r+<'w'$ĞàĞàu° <U+0088>ë
è(§<@uÆ"
"33023","33023","¶ÿèuÏĞârèüşéõ<U+0099>éûûé
üèbÏ<U+008A>Âè]Ï""Ğ<U+0080>âtG<tt<té"
"33033","33033","6ßzè¢¤è "
"33035","33035","<"
"33040","33040","ué"
"33046","33046","Ì±"
"33093","33093","èúéu<U+008A>ÁèUï°÷è³Ô<U+008A>ÁèKïÆGP<U+0083>Ã@şÁ:Árİëe6¹zèf¤èd"
"33095","33095","<"
"33142","33142","tW<U+008B>Åè'ï°÷è<U+0085>Ô<U+008B>Åèï²ÿèíÎ<U+0080>â7<U+008A>Â<U+008B>ßèaéèXêë46Åzè5¤è3"
"33144","33144","<"
"33177","33177","t&<U+008B>Åèöî°÷èTÔ<U+008B>ÅèìîÆEPë6Ózè¤è"
"33179","33179","<"
"33184","33184","tè%"
"33217","33217","è5şèêé+<U+0099><U+009C>SV<U+008B>ßèÓØu6«zèî£°úèÔ°"
"33232","33232","^[Ã<U+009C>PSQRÌ±"
"33304","33304","è@éu*<U+008A>Áè<U+009B>î°÷èùÓ<U+008A>Áè<U+0091>î¶ÿèaÎ<U+0080>âw<U+008A>Âè×è ÏşÀĞàĞàĞàèÉè<U+0083>Ã@şÁ:ÁrÆèµéZY[XÃÆÎ"
"33309","33309","ÆÏ"
"33326","33326","èÜßè¢¥ëèÿè<U+0080>>Î"
"33391","33391","u6Şwèq£°èÌ´,Í!<U+008A>Ş<U+0080>Ã<U+0080>û<r<U+0080>ë<èãÏu´,Í!:Şuó¸ 9ëèäÏ<ar<zw, ¹!"
"33405","33405",">wò¯té?ú»!"
"33434","33434","+ÙKÑã6<U+008C>w<U+008B>0ÿ§Jw ÁèoúèIì<U+0080>>Î"
"33455","33455","tşÎèYßè<U+0089><U+008B>ÌèD¥<"
"33512","33512","u+¶<U+0082>6ÏèÍĞâs5<U+008A>6Ï<U+0080>Æè<U+0082>Í<U+0080>úr²<U+0080>Â<U+0088>â<U+0084>Æ@é<w<tşÈ´"
"33545","33545","Ñà<U+008B>ğècèÿ¤øvé0ÿè¯¢<U+008B>Ìèñ¤$t<U+0080>>Ï"
"33669","33669","t
şÏézÿé¶ùè?àé¹<U+0097>è<U+008A>¢<U+008B>ÌèÌ¤¨ÿx$ tşÏéXÿé<U+0094>ùèn¢<U+008B>Ìè°¤< sşÌX<U+0080>&ÌXé;ÿéwùèQ¢<U+008B>Ìè<U+0093>¤< sşÌX<U+0080>&ÌXéÿéZùè4¢°ÿè_Òéÿè)¢<U+008A>ÌX·"
"33719","33719","<U+008B>Ì<U+0097>ğv·ôvâ<U+008B>ÚèW¤<<U+0080>t<U+0089>Ìéçşé#ùèı¡<U+008A>ÌX<U+0080>Ã<U+0080>ã·"
"33755","33755","<U+008B>Ì<U+0097>ğv·ôvâ<U+008B>Úè%¤ĞÀr<U+0089>Ìéµşéñø"
"33773","33773","BRAND.IMG"
"33782","33782","TIME.IMG"
"33795","33795","FOUNTAIN.IMG"
"33808","33808","CNFLCT_A.ULT"
"33821","33821","CNFLCT_B.ULT"
"33834","33834","CNFLCT_C.ULT"
"33847","33847","CNFLCT_F.ULT"
"33860","33860","CNFLCT_G.ULT"
"33873","33873","CNFLCT_M.ULT"
"33886","33886","CNFLCT_Q.ULT"
"33899","33899","CNFLCT_R.ULT"
"33912","33912","CNFLCT_S.ULT"
"33917","33917","U 9"
"33919","33919","H"
"33921","33921","P"
"33923","33923","M"
"33927","33927","KV/"
"33929","33929",""
"34120","34120","/RZ,N1C.AB0D EF!G""IK%PQSTWX-H#J$L&M2OY<U+0083>¾<U+008C>É<U+008C>Ô<U+008C>ß<U+008C>ê<U+008C>ê<U+008C>ê<U+008C>ñ<U+008C>W8<U+009F>»<U+0094>Ü<U+0094>î<U+0094>«<U+0094>  ğğÀ` <U+0080>0Pp Ààğğ  FCWTPBLIDAMisty writing:
"
"34231","34231","You see a vision
of the Time Lord
  He tells you
 The one way is
   Love, Sol,
 Moons & Death,
All else fails."
"34248","34248","Argh!! A trap!!
"
"34258","34258","Evaded!!
"
"34289","34289","
A fountain.  Who
will drink? "
"34297","34297","Can't!
"
"34315","34315","Ah! That's nice!
"
"34332","34332","Yuck! Horrible!
"
"34348","34348","How wonderful!
"
"34366","34366","Argh! Blah! Yuk!
"
"34381","34381","Strange wind!
"
"34392","34392","Gremlins!
"
"34436","34436","A red hot rod
in the wall. Who
will touch? "
"34453","34453","It left a mark!
"
"34464","34464","Killed!!!
"
"34476","34476"," Poisoned!
"
"34481","34481","Plr "
"34493","34493"," Pilfered!
"
"34503","34503"," Missed!
"
"34510","34510"," Hit!
"
"34518","34518","Thieves"
"34523","34523","es

"
"34544","34544","
---Conflict!!---
->"
"34556","34556","----Player "
"34562","34562","----
"
"34575","34575"," Attack
Dir-"
"34584","34584","Missed!
"
"34591","34591","
Hit!
"
"34605","34605","Killed! Exp.+"
"34622","34622","Ready a weapon!
"
"34635","34635","Cast Spell!
"
"34649","34649","Negate Time!
"
"34666","34666","Not usable cmd!
"
"34673","34673","Ztats
"
"34692","34692","****Victory!****

"
"34698","34698","Pass
"
"34751","34751","è<U+009E>Æà<U+0084>=èTòt<U+008B>Óèùö<U+0083>ûÿtëé7õé+<U+0093>è <U+009F><U+008B>û<U+008A>½à<U+008A>Àè% <U+008A><U+0085> <"
"34779","34779","tĞèĞè$$<U+0088><U+008A><U+0085><U+0080>ĞèĞè¢â<U+0084>Æ<U+0085><U+0080>"
"34798","34798","<u
<U+0080>>ºtÆ,Æã<U+0084>"
"34805","34805","<U+0080>¹ "
"34819","34819","<U+0080>?Lt<U+0080>?HuÆ<U+0087><U+0080>"
"34855","34855","ÀCâî6Ü<U+0087>è<U+009A>°ÿèÒèİèÚ<U+0080>>¼u<U+0085>é<U+0095>"
"35011","35011","<U+0080>>â<U+0084>uÆâ<U+0084>l<U+0085><U+0080>>ºuë|<U+0085>ëu<U+0080>>ºuR<U+0085><U+0080>>â<U+0084>rc_<U+0085>ë]<U+0080>>â<U+0084>sE<U+0085><U+0080>>â<U+0084>sK %<	u<U+008B>Ìè_<U+009F>$u°8<U+0085><t/<U+0085><t'+<U+0085><t<U+0085><t< t<!t<U+0085><U+0080>>â<U+0084>t8<U+0085>Ä$¹°"
"35030","35030","è³Ë ¼¢ËXÆ¼<U+0080> Á´"
"35067","35067","<U+008B>øO<U+008B>È½Ä$şÈ´@öä<U+008B>ğ´Ì<U+0080>|Gt<U+0080>|PtÆ<U+0085> "
"35072","35072","ÿÆ<U+0085>¤"
"35079","35079","ÿë<U+008A> "
"35083","35083","<U+008A>½¤"
"35089","35089","<U+008A>Dè²"
"35093","35093","<U+0088><U+0085>¬"
"35100","35100","è6Ì<U+0088><U+0085>¨"
"35104","35104","<U+008A><U+0085>¬"
"35120","35120","<U+0088><U+0083>î@OâÃü>\%¹"
"35122","35122","°"
"35153","35153","óªèğĞt<U+0080>>ËXr<U+0080>>ËXÿt<U+0080>>â<U+0084>t¹"
"35158","35158","ë¹"
"35171","35171","ë¶èíÆşÂ<U+008A>Êµ"
"35180","35180","¶èâÆ<U+008A>Ú·"
"35190","35190","<U+008B>ó´Ä$<U+0080>¼<U+0098>"
"35214","35214","uê<U+008A>â<U+0084><U+0080>ã<U+008A>·<U+0086>èÃÆ<U+0080>Ê<U+0088><U+0094><U+0098>"
"35218","35218","<U+008A>¼<U+0088>"
"35222","35222","<U+008A><U+009C><U+0080>"
"35229","35229","èµË<U+0088><U+0084>"
"35267","35267"," â<U+0084><U+0088>â¿è<U+008C>Ë°ı³ğ·è(Ìè%Ì·è Ì·èÌè<U+0092>áé<U+008E>"
"35275","35275","<U+009C>SQWü¹
"
"35417","35417","<U+008B>Ù>%<U+0086>ò®u+ÙK<U+008A><U+0087>/<U+0086>_Y[Ã°?ë÷<U+009C>PV<U+008A>à ÍĞès> â<U+0084>,r7P<U+008A>&ÌĞìXĞĞyèòà<U+0080>üÿu<t9<	t5<t1<<U+0087>t-6×<U+0087><<U+0083>t6Ø<U+0087>è}<U+009B>^XÃ â<U+0084><tè¾àëÊ<U+0080>üÿuô6Ï<U+0087>è_<U+009B>è§<U+009B>è¤<U+009B>ëÚè<U+008A>äÆá<U+0084>"
"35445","35445"," á<U+0084>şÀè<U+008B>æ´@şÈöä<U+008B>Ø<U+009F>Ìè£àté<U+0086>"
"35513","35513","6ñ<U+0087>è,<U+009B> á<U+0084>şÀèAÈ6ı<U+0087>è<U+009B>°èËÃÆ«*´,Í!<U+008A>Ş<U+0080>Ã<U+0080>û<r<U+0080>ë<è<U+008A>Çu)´,Í!:Şuó<U+008A>á<U+0084>·"
"35556","35556","<U+008A>§p%<U+008A><U+0087>h%<U+008A><U+009F>d%<U+008A>øè<U+0084>Ê<U+0088>'èdÊ¸ 9ëèoÇ<ar<zw, ¹!"
"35570","35570",">y<U+0085>ò¯téÊñ»!"
"35594","35594","+ÙKÑãÿ§»<U+0085>°èòè$ÏuÆĞ"
"35605","35605"," á<U+0084>şÀèÚå¹"
"35611","35611",">\%°"
"35652","35652","ó®tèÊèàşá<U+0084> á<U+0084>:Áréé}éÿèj<U+009A><U+008A>á<U+0084>·"
"35662","35662","<U+008B>ó´Ä$<U+008A>¼¤"
"35666","35666","<U+008A><U+009C> "
"35692","35692","<U+008B>ëÚ<U+0080>ûs7ş<U+0080>ÿs0<U+008B>ËèçÉ<U+008A>àè)"
"35707","35707","<ÿt""<U+008B>û<U+008B>İè×É<U+008A><U+0084>¨"
"35713","35713","<U+0088><U+0088>¤¨"
"35717","35717","<U+008A><U+0084>¬"
"35723","35723","<U+0088><U+0088>¬¤"
"35727","35727","<U+0088><U+008C> "
"35763","35763","éiÿé6ñ<U+009C>Q<t<t<t	<t°ÿYÃ°öè'Ê¹"
"35771","35771"," âşèÊ°"
"35781","35781","ëì6M¶ÿ²"
"35792","35792","ésÿ6T¶²"
"35801","35801","éhÿ6[¶"
"35812","35812","²é]ÿ6a¶"
"35951","35951","²ÿéRÿ6é'<U+0093>6.<U+0088>è±<U+0099> á<U+0084>´@öä<U+008B>Ø<U+009F>Ìè@ñéñş6k<U+0088>è<U+0097><U+0099> á<U+0084><U+008A>ğ<U+0080>Æ1şÀèÎäşÈ´@öä<U+008B>ø½Ìè<U+0093>à<U+008A>Æ,0è¸äéÄş6?<U+0088>èj<U+0099>Æà<U+0084>< á<U+0084>´@öä<U+008B>Ø<U+009F>Ìè/Ğé¥ş6L<U+0088>èK<U+0099> á<U+0084>´@öä<U+008B>Ø<U+009F>Ì<U+008A>G'<"
"36069","36069","t,/<U+0088>G'ÆĞ
é|şé%ğ6<U+0085><U+0088>è<U+0099>éoş6Z<U+0088>è<U+0099>°şè@Éè·ŞéíıÆà<U+0084>= á<U+0084>´@öä<U+008B>ğ´Ì<U+008A>D0AèAŞ<U+008B>ş6<U+0088>èç<U+0098><U+008B>÷è#ítz<U+008A>á<U+0084>ĞãĞãĞã<U+0080>Ãà·°ıèüÈ<U+008A>D0<U+008A>á<U+0084>·"
"36093","36093","<U+009F>Ä$<t=<t9<	t5<t1<U+008A>¯¤"
"36097","36097","<U+008A> "
"36108","36108","îÊ<U+0087>Ñ<U+008B>ûè9"
"36132","36132","<U+0087>Ñ<U+0083>ûÿu)<U+008B>ß<u&<U+008A>D1,/<U+0088>D1<"
"36138","36138","uÆD0"
"36144","36144","<U+008B>Ê<U+008A>·¤"
"36148","36148","<U+008A><U+0097> "
"36151","36151","èB"
"36171","36171","<U+0083>ûÿtë}ëmé¶ı<U+009C>QV¹"
"36174","36174","¾"
"36182","36182","´Ä$<U+0080>¼<U+0098>"
"36189","36189","t8<U+0094><U+0080>"
"36195","36195","u8´<U+0088>"
"36340","36340","t
Nâê»ÿÿ^YÃÄ$+ó<U+008B>Şëò<U+009C>PRõ<U+0080>şs#Ñ<U+0080>ús<U+008B>Úè¿Ç<U+008A>&à<U+0084><U+0088>'è<U+009B>Ç<U+0088>è¨ÿ<U+0083>ûÿtÚZXÃè<U+008A>Ç»ÿÿëô6<U+0088>èó<U+0097>è{Çé@ı á<U+0084>´@öä<U+008B>ø½Ìè\Ìu<U+0080>}0tëÙ¶ÿèpÂĞâr¶cègÂ<U+008A>ÂÔ
±Òä
Ä:Esá°"
"36362","36362","èîû6<U+0088>èª<U+0097><U+008B>ï<U+008B>û½Ä$<U+008A>½<U+0088>"
"36366","36366","<U+008A><U+0080>"
"36393","36393","è=Ç<U+008A>à à<U+0084><U+0088>èÇ°÷è¸Ç<U+0088>'<U+008B>İ<U+008A>G´"
"36435","36435","±Óà<U+008A>G$Õ
<U+008A>ğèÂ<U+008A>GĞèĞ<U+008A>G0ĞàG0Â<U+0087>ûè"
"36457","36457","èİÆé¢ü<U+009C>PSRV<U+0080>>â<U+0084>tJ<U+008A>§<U+0098>"
"36463","36463","*à<U+0088>§<U+0098>"
"36478","36478","ts<6 <U+0088>è.<U+0097>Æ<U+0087><U+0098>"
"36483","36483","<U+008A>§"
"36487","36487","<U+008A>·<U+0088>"
"36491","36491","<U+008A><U+0097><U+0080>"
"36507","36507","<U+008B>Úè¾Æ<U+0088>'<U+008A>â<U+0084><U+0080>ã·"
"36538","36538","<U+008A><U+0087><U+0086><U+008A>ĞèÄ<U+008B>ßè¡ÍèG<U+0097>è<U+0084>Æ^Z[XÃÆĞ"
"36604","36604","6r<U+0088>èç<U+0096>è<U+008E>Ü°ı³<U+0080>·èÇèÇèÇ³`·@èşÆ ËX¢¼<tèå<U+0097>éê<U+008B><U+009C>S<U+0080>>â<U+0084>s<U+0080>>â<U+0084>r<"
"36637","36637","u°ÿèBş<U+0083>ûÿu[Ã<tï<të<tç<tã°"
"36663","36663","ëé<U+009C>U<U+0083>ì<U+0083>ì<U+0083>ì<U+008B>ìV¾ÿÿÌ<U+0089>^"
"36665","36665","»"
"36671","36671","´ÿ<U+0087>^"
"36677","36677","èÑÛ<U+0087>^"
"36682","36682","té"
"36727","36727","<U+008A><U+0097>d%*<U+0095>D%<U+008A>ÊöÁÿyöÙ<U+008A>·h%*µL%<U+008A>îöÅÿyöİ<U+008A>Á
Å<wé"
"36829","36829","<U+008A>ÁÅ:ÄwZPS<U+008A>Âè<U+008A>Å<U+008A>Ì<U+008A>Æè<U+0083>Å<U+008A>ì<U+008A><U+0095>D%<U+008A>µL%Ñõ<U+008B>Úè®ÅèGÿ<ÿt&<U+008A><U+0095>D%<U+008B>Úè<U+009E>Åè7ÿ<ÿtÑ<U+008A>µL%<U+008B>Úè<U+008C>Åè%ÿ<ÿt[Xë[X<U+008A>à<U+008B>ó<U+0089>N<U+0089>VC<U+0083>F"
"36858","36858","@:ÁséUÿ<U+008A>Ä<U+008B>Ş<U+008B>N<U+008B>V^<U+0083>Ä]Ã°"
"36896","36896","ëï<U+009C>PSR°ûèÓÅ<U+008A><U+0095>D%<U+008A>µL%Ñ<U+0080>ús2õ<U+0080>şs+ Á´"
"36947","36947","H<U+008B>Ø:<U+0097>d%u:·h%uè|ëKyì<U+008B>ÚèÅÆ=èñÄ<U+0088>ëÇèêÄZ[XÃ<U+0080>>Ğ"
"36956","36956","tşĞéµ"
"36958","36958","¿"
"36964","36964","<U+0080>½\%"
"36969","36969","ué<U+009F>"
"36979","36979","è³şÆà<U+0084>=<"
"36984","36984","uèË"
"36987","36987","é"
"37072","37072","<U+0083>ûÿtR¶ÿèÄ¿ĞâZr<U+0080>>â<U+0084>uègÿëqR¶Àè­¿ĞâZs'<U+008A>&â<U+0084><U+0080>üt'<U+0080>üt""<U+0080>üt<U+0080>üt<U+0080>üt<U+0080>üt<U+0080>üt¨ÿx;èD"
"37088","37088","ë6R¶ÿèr¿<U+0080>â<U+008A>ÚZ·"
"37128","37128","P°@öã<U+008B>ğ<U+0080>¼İGXuÚSèÍß³@·@°ıèÜÄèÁß[Æà<U+0084><è;"
"37290","37290","G<U+0083>ÿtéNÿé=ùPS<U+008A>½L%<U+008A>D%è-Ä<U+008A><U+0085>T%<U+0088><U+0088><U+0095>D%<U+0088>µL%<U+008B>ÚèÄ<U+0088><U+0085>T% â<U+0084><U+0088>èóÃ[XÃ<U+009C>PV â<U+0084><t<t<uèë<uè@6­<U+0087>è@<U+0094><U+008A>Ã1èì¼°øèdÄ°@öã<U+008B>ğ´Ìè¦Èu<U+0080>|(u<U+008A>t(<U+0080>Æè¸¾<U+0080>úr	6¾<U+0087>è
<U+0094>ë
6È<U+0087>è<U+0094>è"
"37320","37320","^XÃ<U+009C>PSQRV<U+008B>ó°@öã<U+008B>Ø<U+009F>Ì<U+008B>Ó<U+008A>â<U+0084>·"
"37572","37572","<U+0080>ã<U+008A><U+0087><U+0086><U+008B>ÚĞèĞèĞèG<U+008A>ğèi¾<U+0080>Â<U+008A>ÂÔ
±Òä
Äè×Ø ËX$ÒàèÍØ<U+008B>ÆèuŞ<U+008B>Ó<U+008A><U+009C>d%<U+008A>¼h%èAÃ à<U+0084><U+0088>èÃ°÷è¾Ã<U+008A><U+0084>p%<U+0088>èÃ<U+008B>ÆèMŞ<U+008B>Ú<U+0080>Du%<U+008A><U+009C>d%<U+008A>¼h%èÃ<U+008A><U+0084>l%<U+0088>Æ<U+0084>d%ÿÆ<U+0084>h%ÿ6<U+0096><U+0087>èV<U+0093>èÓØèjÙ^ZY[XÃ<U+009C>PRV¶ÿèâ½<U+0080>âu/°@öã<U+008B>ğ<U+0080>¼İGu""Æ<U+0084>İP6­<U+0087>è""<U+0093><U+008A>Ã1èÎ»6¡<U+0087>è<U+0093>°úè?Ãè&Ù^ZXÃ<U+009C>PSRVW°@öã<U+008B>ğ´Ì<U+008B>û¶ÿè<U+0092>½ĞÂr!¶è<U+0089>½<U+0080>ú"
"37577","37577","tP»0"
"37585","37585",":tIÚö"
"37590","37590","ÿtB<U+008A>"
"37595","37595",",/<U+0088>"
"37605","37605","ë¶èh½<U+0080>ú"
"37610","37610","t/»("
"37618","37618",":t(Úö"
"37623","37623","ÿt!<U+008A>"
"37628","37628",",/<U+0088>"
"37664","37664","6­<U+0087>è¥<U+0092><U+008B>Ç1èQ»6²<U+0087>è<U+0097><U+0092>°úèÂÂ_^Z[XÃÆ"
"37671","37671","Ä$¹y"
"37725","37725","î<U+0084>èKÁèÂÆ¼6I<U+0086>èk<U+0092>èØèğ¾tûèş¾è¨<U+0092>èáÆ¼éĞîÄ$¹y"
"37769","37769","÷<U+0084>èÁèÌÁÆ¼èã×6Ó<U+0086>è2<U+0092>èü×t$<U+008A>Èè<U+0093>×u Ì$´"
"37922","37922","Ñà<U+008B>ğÿ¤ı<U+0085>6ò<U+0086>è<U+0092>°ÿè;ÂëĞÆ¼è<U+0088>é|î6ú<U+0086>è÷<U+0091>ÆGGè
Øëµ6<U+0087>èç<U+0091>ÆGPşÉ<U+008A>Áè©Ü°÷èÂ<U+008A>Áè<U+009F>Üèé×ë<U+0094><U+008B>G<U+0089>G6<U+0087>èÀ<U+0091>è××ë<U+0082>6-<U+0087>è´<U+0091>°%èÏÖèÄÜşÉ<U+008A>ÁèrÜ°÷èĞÁ<U+008A>ÁèhÜè°Üè¯×éYÿ6?<U+0087>è<U+008B><U+0091>ÆÎ"
"37931","37931","è <U+0093>éşíÆ"
"37974","37974","6¸<U+0086>èv<U+0091>°öè¡ÁÌèFÆu	6É<U+0086>èa<U+0091>ëèyíé×íÄ$¹y"
"38063","38063","ä<U+0084>èÀèÓÀÆ¼6Y<U+0087>è<<U+0091>èãÖè×t3<U+008A>&Ì<U+0080>ä<U+008A>Ì<U+0080>Á´ÒägşÈèéÛ<U+008A>à°÷èEÁ<U+008A>ÄèİÛ°Pè+Öè""×6<U+0085><U+0087>è<U+0091>Æ¼è<U+0080>"
"38069","38069","étíÆ"
"38117","38117","<U+008A>6Áè<U+008E>»°@öâ<U+008B>Ø<U+009F>ÌèJÖu66N<U+0087>èÖ<U+008B>G!<U+0086>Ä,/<U+0086>Ä<U+0089>G!s ÇG!"
"38159","38159","6ädè»<U+008A>Âè<U+0083>Û°÷èáÀ<U+008A>ÂèyÛ°èÇÕè¾Ö°úèÏÀéíÆ"
"38172","38172","69<U+0086>è<U+0092><U+008A>Ï·"
"38177","38177","Ñã<U+008B>·"
"38181","38181","´"
"38202","38202","èèÇé÷ì<U+009C>PSè<U+0092><U+0080>>Î"
"38223","38223","t ÌX<U+008A>&Ï<U+008B>Ìèµj[XÃ"
"38227","38227","Yes"
"38230","38230","No"
"38245","38245","YNQP<U+0096>T<U+0096>T<U+0096>T<U+0096>Q"
"38262","38262","BCDEFGHIJKLMNOQ"
"38339","38339","BCDEFGÿÿ33ÌÌÿÿ33ÿÿÌÌÿÿ33ÌÌÿÿ33ÿÿÌÌÿÿ33ÌÌÿÿ33ÿÿÌÌ
   Welcome to
    the Pub!
"
"38394","38394","
Here, friend,
have a drink!
It costs 7 g.p.
You pay? "
"38426","38426","
 Leave my shop!
   You scum!!
"
"38459","38459","
What? Can't pay!
Out you scum!
"
"38481","38481","

Thank you,
kindly!
"
"38511","38511","
Ambrosia,
ever heard
of it?
"
"38546","38546","
Dawn,
the city of
myths & magic!
"
"38589","38589","
The conjunction
of the moons
finds link!
"
"38655","38655","Nasty creatures,
  nasty dark,
sure thee ready,
fore thee embark
"
"38715","38715","None return or
 so I'm told,
from the pool,
dark and cold!
"
"38797","38797","  Shrines of
  knowledge,
  shrines of
   strength,
 all are lost
into the brink!"
"38872","38872"," Fountains fair
       &
 fountains foul
all are found in
 dungeons bowel
"
"38933","38933","     EXODUS:
   Ultima ]I[
 which is next?
Now could it be.
"
"38997","38997","Seek ye out the
 Lord of Time,
and the one way
is a sure find!
"
"39008","39008","
Another? "
"39032","39032","It's been a
pleasure!!
"
"39043","39043","<<U+0097>R<U+0097>p<U+0097><U+0093><U+0097>¾<U+0097>"
"39126","39126","<U+0098><<U+0098><U+008E><U+0098>Ù<U+0098><U+0099>    Ye local
     Grocer

Rations:
1 g.p. each.
How many would
you like? "
"39152","39152","

Thank you,
Come again!
"
"39173","39173","
Too much to
carry!
"
"39271","39271","
Clerical Healing
Sacraments:
 1-Curing,
 2-Healing,
 3-Resurrection,
 4-Recallings.
Your needs: "
"39301","39301","
Fare thee well
my children.
"
"39346","39346","
A curing will
cost 100 g.p.
Wilt thou pay?
"
"39358","39358","Cure whom? "
"39399","39399","
Healings cost
200 g.p.  Wilt
thou pay? "
"39411","39411","Heal whom? "
"39456","39456","
Resurrections
cost 500 g.p.
Wilt thou pay?
"
"39473","39473","Resurrect whom? "
"39514","39514","Recallings
cost 900 g.p.
Wilt thou pay?
"
"39528","39528","Recall whom? "
"39570","39570","
Without proper
offerings I
cannot help!
"
"39613","39613","I'm sorry, but
thou hast not
gold enough.
"
"39627","39627","Not injured!
"
"39636","39636","Failed!
"
"39647","39647","Not dead!
"
"39659","39659","Not ashes!
"
"39687","39687","Ô¦a§¶§3¨1234Q<U+009C><U+009C>
<U+009C><U+009C><U+009C><U+009C>1"
"39689","39689","2"
"39691","39691","3"
"39693","39693","4"
"39695","39695","Q"
"39703","39703","BSQBuy"
"39708","39708","Sell"
"39754","39754","<U+009C><U+009C>¯x¯x
Welcome to the
Weapons Shop!

List? "
"39769","39769","
Buy or sell?
"
"39785","39785","Your interest?
"
"39829","39829","
I'm very sorry,
but you haven't
the gold!
"
"39856","39856","Oh well, maybe
next time.
"
"39895","39895","
Here you are.
May it serve
you well.
"
"39906","39906","For sale?
"
"39936","39936","
You don't own
one of those!
"
"39949","39949","
Thank you!
"
"40057","40057","
Available:
B:Dagger    5gp
C:Mace     30gp
D:Sling    60gp
E:Axe     125gp
F:Bow     350gp
G:Sword   200gp"
"40075","40075","
H:2H Swd  250gp
"
"40171","40171","I:+2 Axe  400gp
J:+2 Bow 1050gp
K:+2 Swd  800gp
L:Gloves 1200gp
M:+4 Axe 2700gp
N:+4 Bow 6550gp"
"40189","40189","
O:+4 Swd 4550gp
"
"40206","40206","
Too much gold!
"
"40222","40222","
No more room!
"
"40224","40224",""
"40226","40226","0"
"40228","40228","`"
"40233","40233","%P"
"40237","40237","P"
"40241","40241","P"
"40243","40243",""
"40245","40245",""
"40287","40287","'PePE
Welcome to the
Armour Shop!

List? "
"40367","40367","
Available:
B:Cloth     75gp
C:Leather  195gp
D:Chain    575gp
E:Plate   2500gp"
"40402","40402","
F:+2Chain 6130gp
G:+2Plate 8250gp"
"40404","40404","u"
"40409","40409","<U+0095>u"
"40446","40446","%0aP<U+0082>
    Radrion:
Prophet of Life!
"
"40481","40481","
How many 100gp
is your
offering? "
"40541","40541","And so the sage
said unto thee
`If thou can
solve my rhyme
"
"40603","40603","you'll learn of
marks & playing
cards & hidden
holy shrines.
"
"40665","40665","Of marks I say
there are but 4
of fire, force,
snake & king.
"
"40728","40728","Learn their use
in Devil Guard,
or death you'll
surely bring.
"
"40785","40785","Shrines there
are again but 4
to which you
go and pray.
"
"40840","40840","Their uses are
inumerable and
clues throughout
I say.
"
"40908","40908","The cards their
suits do number
4, called Sol
Moon, Death
and Love."
"40964","40964","Unto the Montors
thou must go
for guidence
from above.
"
"41027","41027","To aid thee in
thy cryptic
search, to
dungeons thou
must fare."
"41086","41086","There seek out
the Lord of Time
to help you
if he cares.'
"
"41103","41103","
More offering?
"
"41135","41135","
Fare thee well
and good luck!
"
"41176","41176","""<U+009F>^<U+009F><U+009C><U+009F>Ú<U+009F> R <U+0089> Í ¡D¡

Equine Emporium:

"
"41190","41190"," horses cost
"
"41211","41211","00gp. Will you
buy? "
"41253","41253","Ah, too bad.
These are the
best in town!
"
"41289","41289","May you ride
fast and true
friend!
"
"41297","41297"," moves
"
"41370","41370","
Congratulations!
   Thou hast
   compleated
Exodus: Ultima 3
       in
"
"41387","41387","Report thy feat!"
"41405","41405","And so it came to"
"41426","41426","pass  that  on  this"
"41447","41447","day EXODUS,hell-born"
"41468","41468","incarnate  of  evil,"
"41489","41489","was vanquished  from"
"41510","41510","Sosaria.    What now"
"41531","41531","lies  ahead  in  the"
"41552","41552","ULTIMA saga can only"
"41573","41573","be pure speculation!"
"41594","41594","Onward to ULTIMA IV!"
"41599","41599","Keys"
"41607","41607","Torches"
"41615","41615","Powders"
"41620","41620","Gems"
"41743","41743","GKPTQ£{£<U+0088>£<U+0080>£¯x¯x½«ÿ«k¬¬¬ï¬ï¬The Guild shop:
 Keys      50gp
 Torches    6gp
 Powders   90gp
 Gems      75gp
Your needs:
"
"41768","41768","
Thank you,
come again!
"
"41809","41809","
I'm sorry,
but you have
not the funds!
"
"41826","41826","
Anything else?
"
"41838","41838","
How many? "
"41853","41853","<U+009C>PQVı6½<U+0083>Æ¹"
"41887","41887","¬è+¯âúü6J¢è<U+0082>^YXÃ<U+009C>SQR<U+008E>9O»BºX"
"41890","41890","¹"
"41895","41895","11<U+0087>"
"41937","41937"," CCâö<U+0083>Ã$JuíZY[Ã6R¢èéè¬ÿ6<U+009B>¢èßü6}<U+0096>¹"
"42088","42088","°÷è²­è¶ÿâõèæ<U+0083>¶²6¬¢è±¶²6¾¢è±¶²6Ó¢è±¶	²6è¢èü°¶²6ı¢èñ°¶²6£èæ°¶²6'£èÛ°¶²6<£èĞ°¶²6Q£èÅ°¶²6f£èº°è@ÆÆ¼èÛ­tûèé­éñÌ<U+009C>QPVW¹"
"42153","42153","6[<U+0096>>W<U+0096>èî®è}<Yt°N_^<U+008A>ÈX<U+008A>ÁYÃ<U+0087>E#;E#<U+0087>E#r<U+0087>E#*E#/<U+0086>ÄE$/<U+0086>Ä<U+0087>E#sÇE#"
"42205","42205","Ã<U+009C>PQRV6§<U+0096>èñ<U+0080>6Ä<U+0096>èê<U+0080>è¯<U+0080>üÿtXè*<s6û<U+0096>èÔ<U+0080>°ÿèÿ°ë4´"
"42302","42302",";E#s3èè<U+009E>ÿ±Óè<U+008B>ğÑæ<U+008B>´y<U+0099>è±<U+0080>6V<U+0099>èª<U+0080>è_ÿèï<U+0080><Yt¯6a<U+0099>è<U+0099><U+0080>^ZYXÃ6<U+0097>è<U+008C><U+0080>ë
èÒ<U+0080>6gyè<U+0080><U+0080>°şè«°ëà<U+009C>PV6<U+0099>èo<U+0080>èİÖ="
"42401","42401","t%;E#w+ÿu!<U+0087>E!E!'<U+0086>ÄE""'<U+0086>Ä<U+0087>E!r""<U+0083>Äè#ÿè\Æ6×<U+0099>è;<U+0080>^XÃ6<U+0097>è0<U+0080>°ÿè[°ëî6ñ<U+0099>è""<U+0080>X<U+0089>E!°ÿèI°ëÜ<U+009C>PSQV6<U+009A>è<U+0080>W¹"
"42427","42427","6ú<U+009B>>ô<U+009B>èµ­_<Qt<tşÈ$´"
"42469","42469","<U+008B>ØÑãÿ§ì<U+009B>6h<U+009A>èŞèõÅ^Y[XÃ6<U+0086><U+009A>èÎè<U+0083>ş<NtJ}#"
"42533","42533","rL6³<U+009A>è¹è<U+0083>ÅtÙşÈ<U+008B>È<U+0080>GtD<U+008B>Áè½ÊèoÊS°ı³À·<U+0080>èÈ¯[<U+008B>Áè_Êè§Ê<U+0080>Pu2ÆGG¸"
"42610","42610","è]şë<U+0098>6i<U+009B>èvë<U+0099>6<U+0093><U+009B>èm°ÿè<U+0098>¯ë<U+008B>6¾<U+009B>è_°ÿè<U+008A>¯é|ÿ6Ì<U+009B>èP°ÿè{¯émÿ6¿<U+009A>èAèöı<Nt½}#"
"42670","42670","r¿6è<U+009A>è,èöÄuéIÿşÈ<U+008B>È<U+008B>G;Gr²<U+0089>G<U+008B>Áè(ÊèÚÉ°ı³À·<U+0080>è4¯<U+008B>ÁèÌÉèÊ¸"
"42698","42698","èÔıéÿ6ô<U+009A>èì~è¡ı<Nuéeÿ}#"
"42780","42780","sédÿ6!<U+009B>èÑ~è<U+009B>ÄuéîşşÈ<U+008B>È<U+0080>GuéVÿ<U+0080>Pt1<U+008B>ÁèÉÉè{ÉS°ı³À·<U+0080>èÔ®[<U+008B>ÁèkÉè³É<U+0080>Dté;ÿÆGG¸"
"42823","42823","èfıé ş6Õ<U+009B>è~~°ÿè©®é<U+009B>ş62<U+009B>èo~è$ı<Nuéèş}#"
"42894","42894","	séçş6[<U+009B>èT~èÄuéqşşÈ<U+008B>È<U+0080>GuéÙş<U+0080>Au&ÆGG<U+008B>ÁèHÉèúÈ°ı³À·<U+0080>èT®<U+008B>ÁèìÈè4É¸"
"42951","42951","	èôüé.ş6à<U+009B>è~°ÿè7®é)ş<U+009C>PSQRVW6%<U+009C>èö}è«ü<Ntè+6K<U+009C>èå}W¹"
"42981","42981","6<U+009C>><U+009C>è«_è~<Qt~<tz<Bué<U+0084>"
"42992","42992","6Ø<U+009C>è¼}W¹
"
"43004","43004","<U+0080>>Â%u
<U+0080>>Ê"
"43009","43009","t¹"
"43035","43035","6y>c<U+0096>èU«_<QtD<t@,B<U+008B>Ø·"
"43040","43040","<U+008A>A1<"
"43067","43067","t><U+008A>ĞÑã<U+008B><U+0087><U+009E>ÑëE#'<U+0086>àE$'sé<U+008B>"
"43084","43084","<U+0086>Ä<U+0089>E#<U+008A>Â,/<U+0088>A1ÆE0"
"43124","43124","6èU}ëè<U+009B>}_^ZY[XÃ6ã<U+009C>èA}ëv6Z<U+009C>è8}W¹
"
"43136","43136","<U+0080>>Â%u
<U+0080>>Ê"
"43141","43141","t¹"
"43167","43167","6y>c<U+0096>èÑª_<QtÀ<t¼,B<U+008B>Ø·"
"43335","43335","<U+008A>A1<<U+0099>t2<U+008A>ĞÑã<U+008B><U+0087><U+009E>ÑëèÓûr<U+008A>Â'<U+0088>A16±<U+009C>èä|ë£6şèÛ|ë6j<U+009C>èÒ|ë6<U+009E>èÉ|°şèô¬éqÿ<U+009C>PV6è·|è¼Å<ÿt(6zè©|<U+0080>>Â%uÆÊÿ6<U+008C>è<U+0096>|è<U+009B>Å<ÿt6ìè<U+0088>|^XÃ<U+009C>PSQRVW6;<U+009E>èv|è+û<Ntè+6K<U+009C>èe|W¹"
"43365","43365","6<U+009C>><U+009C>èª_è|<Qt~<tz<Bué<U+0084>"
"43376","43376","6Ø<U+009C>è<|W¹"
"43388","43388","<U+0080>>Â%u
<U+0080>>Ë"
"43393","43393","t¹	"
"43419","43419","62y>t<U+0096>èÕ©_<QtD<t@,B<U+008B>Ø·"
"43424","43424","<U+008A>A)<"
"43451","43451","t><U+008A>ĞÑã<U+008B><U+0087>Ó<U+009E>ÑëE#'<U+0086>àE$'sé<U+008B>"
"43468","43468","<U+0086>Ä<U+0089>E#<U+008A>Â,/<U+0088>A)ÆE("
"43508","43508","6èÕ{ëè|_^ZY[XÃ6ã<U+009C>èÁ{ëv6Z<U+009C>è¸{W¹"
"43525","43525","<U+0080>>Â%u
<U+0080>>Ëÿu¹	"
"43551","43551","62y>t<U+0096>èQ©_<QtÀ<t¼,B<U+008B>Ø·"
"43690","43690","<U+008A>A)<<U+0099>t2<U+008A>ĞÑã<U+008B><U+0087>Ó<U+009E>ÑëèSúr<U+008A>Â'<U+0088>A)6±<U+009C>èd{ë£6şè[{ë6j<U+009C>èR{ë6<U+009E>èI{°şèt«éqÿ<U+009C>PV6`<U+009E>è7{è<Ä<ÿt<U+0080>>Â%uÆËÿ6°<U+009E>è{èe{^XÃ<U+009C>PQVW6³£è
{W6<U+009B>£><U+0095>£¹"
"43698","43698","è´¨ò®»"
"43726","43726","+ÙKÑã_ÿ§§£6c¤èåzè©<U+0080>üÿué<U+0091>"
"43855","43855","<U+008B>ØE%'<U+008A>Ørw°Köç±döñ<U+008B>È±Ô
Òä
Ä<U+0086>èÔ
Òä
Ä<U+008A>åèùr_<U+0088>]%ë=6c¤è£zèĞ¨<U+0080>üÿtR<U+008B>ØE&'<U+008A>Ør8°2öç±döñ<U+008B>È±Ô
Òä
Ä<U+0086>èÔ
Òä
Ä<U+008A>åèPùr <U+0088>]&6R¤èfzèù<NtéKÿé<U+009F>"
"43882","43882","6ñ<U+0099>èRzë
6)¤èIzè<U+0091>z°ÿèqªé<U+008B>"
"44064","44064","6c¤è7zèd¨<U+0080>üÿtæ<U+008B>ØE''<U+008A>ØrÌ°Zöç±döñ<U+008B>È±Ô
Òä
Ä<U+0086>èÔ
Òä
Ä<U+008A>åèäøsë²<U+0088>]'ë6c¤èöyè#¨<U+0080>üÿt¥<U+008B>ØE'<U+008A>Ør<U+008B>°öç±döñ<U+008B>È±Ô
Òä
Ä<U+0086>èÔ
Òä
Ä<U+008A>åè£øsépÿ<U+0088>]éMÿ6¤è³y_^YXÃ<U+009C>PQRV6ß<U+009E>è¡y6ÿ<U+009E>è<U+009A>yèÇ§<U+0080>üÿtHèÚyè×y<U+008A>à°"
"44189","44189","ècør0±Óè<U+008B>ğÑæ<U+008B>´°¡èty6¡èmyè""øè²y<YtÂè«y6¡èYy^ZYXÃ6<U+0097>èLyë
è<U+0092>y6gyè@y°şèk©ëà<U+009C>PV6Ä¡è/y ÁèF¦6Ù¡è""yĞàè:¦6ç¡èy<U+008A>àèÉ÷<Nt#°"
